날짜,종가,시가,고가,저가,거래량,변동 %
2022-12-30,182.74,181.12,182.99,180.81,,0.0094
2022-12-29,181.03,182.65,182.74,180.82,,-0.0084
2022-12-28,182.57,182.79,182.99,181.54,,-0.0008
2022-12-27,182.72,183.12,183.22,181.68,,-0.0012
2022-12-26,182.94,183.10,183.49,182.35,,-0.0004
2022-12-23,183.01,184.97,185.07,182.93,,-0.0102
2022-12-22,184.89,183.40,185.05,182.38,,0.0091
2022-12-21,183.22,184.44,185.15,183.33,,-0.0061
2022-12-20,184.34,186.49,187.04,183.99,,-0.0109
2022-12-19,186.37,188.08,188.27,185.94,,-0.0072
2022-12-16,187.72,189.21,189.29,187.29,,-0.0068
2022-12-15,189.01,186.44,189.40,186.11,,0.0143
2022-12-14,186.34,185.70,187.40,185.59,,0.0040
2022-12-13,185.59,187.32,188.21,185.59,,-0.0085
2022-12-12,187.18,187.39,188.63,186.79,,-0.0007
2022-12-09,187.31,189.00,189.20,186.65,,-0.0078
2022-12-08,188.79,188.59,189.84,188.54,,0.0016
2022-12-07,188.49,188.70,189.71,188.04,,-0.0005
2022-12-06,188.58,187.55,189.24,186.93,,0.0059
2022-12-05,187.48,185.08,187.74,184.13,,0.0141
2022-12-02,184.88,185.19,186.38,183.80,,-0.0011
2022-12-01,185.09,183.54,185.57,182.68,,0.0092
2022-11-30,183.41,185.17,186.18,183.38,,-0.0089
2022-11-29,185.06,186.11,186.30,184.30,,-0.0042
2022-11-28,185.84,186.45,187.02,185.07,,-0.0020
2022-11-25,186.21,185.68,186.55,184.27,,0.0041
2022-11-24,185.45,186.73,187.32,185.20,,-0.0063
2022-11-23,186.63,189.50,189.56,186.57,,-0.0147
2022-11-22,189.42,189.75,190.21,188.89,,-0.0013
2022-11-21,189.67,188.43,190.15,188.41,,0.0080
2022-11-18,188.16,187.66,188.54,186.76,,0.0031
2022-11-17,187.58,188.60,188.85,187.45,,-0.0046
2022-11-16,188.45,186.90,188.90,186.43,,0.0087
2022-11-15,186.83,187.21,188.12,185.96,,-0.0013
2022-11-14,187.07,185.63,188.81,184.18,,0.0124
2022-11-11,184.77,187.86,187.93,184.31,,-0.0158
2022-11-10,187.74,189.35,191.93,187.72,,-0.0082
2022-11-09,189.29,189.68,190.43,187.57,,-0.0020
2022-11-08,189.66,192.74,192.99,189.04,,-0.0149
2022-11-07,192.52,196.49,196.70,192.43,,-0.0139
2022-11-04,195.24,195.04,197.20,194.86,,0.0015
2022-11-03,194.95,195.46,195.98,194.15,,0.0063
2022-11-02,193.73,194.72,195.35,193.59,,-0.0042
2022-11-01,194.55,195.40,195.76,193.93,,-0.0033
2022-10-31,195.20,196.08,196.57,195.26,,-0.0039
2022-10-28,195.96,196.66,196.95,195.67,,-0.0026
2022-10-27,196.47,196.97,197.70,195.68,,-0.0020
2022-10-26,196.87,196.34,198.18,195.19,,0.0030
2022-10-25,196.28,198.95,199.01,195.76,,-0.0132
2022-10-24,198.90,197.55,199.18,197.21,,0.0093
2022-10-21,197.07,198.23,199.40,197.21,,-0.0050
2022-10-20,198.07,198.54,198.77,196.99,,-0.0021
2022-10-19,198.48,197.90,198.80,196.01,,0.0034
2022-10-18,197.81,198.99,199.05,197.21,,-0.0051
2022-10-17,198.83,200.59,200.63,198.60,,-0.0072
2022-10-14,200.27,199.51,200.59,198.63,,0.0038
2022-10-13,199.51,198.60,201.13,198.21,,0.0053
2022-10-12,198.46,199.82,200.24,198.49,,-0.0063
2022-10-11,199.72,199.73,200.39,199.15,,0.0011
2022-10-10,199.50,200.32,200.84,199.15,,0.0033
2022-10-07,198.85,197.95,199.18,197.02,,0.0051
2022-10-06,197.84,199.14,199.21,196.35,,-0.0052
2022-10-05,198.88,199.04,200.15,198.15,,0.0002
2022-10-04,198.85,201.32,201.88,199.01,,-0.0125
2022-10-03,201.37,202.39,203.23,201.49,,-0.0045
2022-09-30,202.28,200.77,202.69,200.29,,0.0086
2022-09-29,200.55,197.79,200.98,197.57,,0.0140
2022-09-28,197.79,198.71,199.96,197.88,,-0.0035
2022-09-27,198.48,200.54,200.75,197.90,,-0.0096
2022-09-26,200.41,199.38,200.77,199.09,,0.0054
2022-09-23,199.34,99.46,199.74,198.20,,0.0049
2022-09-22,198.37,198.29,199.91,198.09,,0.0006
2022-09-21,198.25,198.47,198.68,197.31,,-0.0007
2022-09-20,198.39,198.43,198.85,197.96,,0.0002
2022-09-19,198.35,198.56,198.99,198.21,,-0.0002
2022-09-16,198.39,199.83,200.06,197.60,,-0.0076
2022-09-15,199.90,199.86,200.68,199.62,,0.0007
2022-09-14,199.77,201.05,201.58,199.49,,-0.0078
2022-09-13,201.35,198.55,201.46,198.01,,0.0149
2022-09-12,198.39,199.24,199.85,198.23,,-0.0037
2022-09-09,199.13,199.04,199.42,197.99,,0.0009
2022-09-08,198.96,197.44,199.46,197.29,,0.0066
2022-09-07,197.65,198.22,199.41,197.68,,-0.0016
2022-09-06,197.97,197.65,198.59,196.76,,0.0026
2022-09-05,197.45,197.63,198.27,197.29,,0.0011
2022-09-02,197.23,196.44,197.80,195.77,,0.0048
2022-09-01,196.29,194.73,196.82,194.63,,0.0086
2022-08-31,194.61,195.40,195.69,194.06,,-0.0032
2022-08-30,195.23,194.84,195.48,194.63,,0.0025
2022-08-29,194.75,195.32,196.31,194.74,,-0.0026
2022-08-26,195.26,194.91,195.41,193.63,,0.0029
2022-08-25,194.70,195.49,195.70,194.61,,-0.0035
2022-08-24,195.39,195.98,196.36,195.03,,-0.0025
2022-08-23,195.88,196.21,196.46,195.18,,-0.0013
2022-08-22,196.13,195.96,196.94,195.74,,0.0011
2022-08-19,195.92,195.59,196.35,194.52,,0.0021
2022-08-18,195.51,193.96,195.90,193.57,,0.0083
2022-08-17,193.90,193.18,194.35,192.74,,0.0041
2022-08-16,193.11,193.93,194.02,192.57,,-0.0016
2022-08-15,193.42,193.15,193.85,192.99,,0.0022
2022-08-12,192.99,193.56,193.88,192.92,,-0.0026
2022-08-11,193.50,192.98,193.79,192.63,,0.0030
2022-08-10,192.93,193.63,194.88,192.91,,-0.0025
2022-08-09,193.42,192.69,193.82,192.49,,0.0051
2022-08-08,192.44,192.80,193.37,192.33,,-0.0006
2022-08-05,192.55,193.07,193.33,191.79,,-0.0020
2022-08-04,192.93,193.60,194.31,192.89,,-0.0030
2022-08-03,193.52,194.79,194.89,193.52,,-0.0035
2022-08-02,194.20,193.20,194.46,192.72,,0.0057
2022-08-01,193.10,193.24,194.09,192.49,,-0.0004
2022-07-29,193.17,192.09,194.15,192.01,,0.0062
2022-07-28,191.98,193.29,193.78,192.09,,-0.0064
2022-07-27,193.21,193.85,194.92,193.20,,-0.0023
2022-07-26,193.66,194.26,194.58,193.43,,-0.0027
2022-07-25,194.18,194.12,194.60,193.51,,0.0010
2022-07-22,193.99,193.10,194.45,193.07,,0.0052
2022-07-21,192.99,194.46,194.93,193.08,,-0.0066
2022-07-20,194.27,193.40,194.59,193.10,,0.0041
2022-07-19,193.47,195.63,195.75,193.54,,-0.0102
2022-07-18,195.46,195.21,195.96,194.65,,0.0025
2022-07-15,194.98,195.02,196.58,194.88,,0.0010
2022-07-14,194.79,194.25,196.21,194.01,,0.0032
2022-07-13,194.16,194.27,194.84,193.49,,0.0006
2022-07-12,194.05,195.16,195.54,194.06,,-0.0053
2022-07-11,195.09,193.39,195.74,193.37,,0.0090
2022-07-08,193.35,193.66,194.49,193.02,,-0.0011
2022-07-07,193.57,194.57,195.07,193.38,,-0.0047
2022-07-06,194.48,194.81,195.29,194.22,,-0.0015
2022-07-05,194.77,193.48,196.01,193.08,,0.0072
2022-07-04,193.37,193.82,194.35,192.84,,-0.0019
2022-07-01,193.74,192.26,194.28,192.23,,0.0083
2022-06-30,192.15,194.32,194.66,192.16,,-0.0111
2022-06-29,194.30,192.66,194.45,192.21,,0.0089
2022-06-28,192.58,192.27,192.76,191.70,,0.0021
2022-06-27,192.17,192.73,193.34,191.54,,-0.0023
2022-06-24,192.61,194.10,194.48,192.55,,-0.0074
2022-06-23,194.04,193.62,195.02,193.41,,0.0028
2022-06-22,193.49,193.15,194.43,192.65,,0.0023
2022-06-21,193.05,193.13,193.37,192.38,,0.0007
2022-06-20,192.91,192.29,193.54,192.02,,0.0035
2022-06-17,192.23,192.23,193.26,191.35,,0.0004
2022-06-16,192.16,190.40,193.32,190.21,,0.0098
2022-06-15,190.29,191.35,192.65,190.35,,-0.0051
2022-06-14,191.26,191.26,191.77,190.83,,0.0004
2022-06-13,191.18,190.71,191.99,190.51,,0.0027
2022-06-10,190.67,188.93,191.37,188.74,,0.0096
2022-06-09,188.86,188.10,189.35,187.63,,0.0046
2022-06-08,188.00,188.13,188.49,187.60,,0.0001
2022-06-07,187.98,188.58,188.96,187.88,,-0.0028
2022-06-06,188.51,187.96,188.77,187.85,,0.0040
2022-06-03,187.75,186.35,188.01,185.95,,0.0083
2022-06-02,186.21,186.53,187.63,186.25,,-0.0013
2022-06-01,186.46,186.23,186.74,185.73,,0.0016
2022-05-31,186.17,185.51,186.71,185.26,,0.0043
2022-05-30,185.37,186.77,187.54,185.35,,-0.0081
2022-05-27,186.89,187.01,187.29,186.01,,-0.0003
2022-05-26,186.95,189.24,189.40,186.88,,-0.0118
2022-05-25,189.19,189.54,190.17,189.01,,-0.0016
2022-05-24,189.50,189.29,190.26,189.10,,0.0022
2022-05-23,189.08,189.81,190.21,189.21,,-0.0062
2022-05-20,190.26,188.30,190.82,188.16,,0.0121
2022-05-19,187.99,188.91,189.40,187.91,,-0.0043
2022-05-18,188.80,188.01,189.05,187.43,,0.0050
2022-05-17,187.86,188.71,188.93,187.93,,-0.0037
2022-05-16,188.56,188.33,189.49,187.98,,0.0015
2022-05-13,188.28,190.20,190.32,188.27,,-0.0098
2022-05-12,190.15,190.32,191.18,189.63,,-0.0004
2022-05-11,190.23,189.56,190.43,189.28,,0.0037
2022-05-10,189.53,189.43,190.59,189.07,,0.0013
2022-05-09,189.29,190.57,191.50,189.19,,-0.0061
2022-05-06,190.46,190.75,191.52,189.79,,-0.0009
2022-05-05,190.63,189.38,191.47,189.24,,0.0067
2022-05-04,189.36,190.80,191.80,189.24,,-0.0070
2022-05-03,190.70,191.82,191.99,190.68,,-0.0057
2022-05-02,191.79,191.37,192.29,191.10,,0.0036
2022-04-29,191.11,192.03,192.13,190.03,,-0.0043
2022-04-28,191.94,193.03,193.41,191.93,,-0.0054
2022-04-27,192.98,192.32,193.82,192.30,,0.0039
2022-04-26,192.23,190.60,192.40,190.05,,0.0088
2022-04-25,190.56,191.41,191.90,190.11,,-0.0041
2022-04-22,191.35,192.59,192.68,191.01,,-0.0067
2022-04-21,192.64,192.23,193.00,191.54,,0.0024
2022-04-20,192.17,193.92,194.11,192.22,,-0.0087
2022-04-19,193.86,194.04,194.43,193.62,,-0.0001
2022-04-18,193.88,192.91,194.10,192.88,,0.0059
2022-04-15,192.75,192.88,193.40,192.60,,-0.0004
2022-04-14,192.83,192.10,193.09,191.98,,0.0040
2022-04-13,192.07,192.92,193.48,191.85,,-0.0042
2022-04-12,192.88,193.86,194.46,192.35,,-0.0040
2022-04-11,193.65,193.08,194.21,193.08,,0.0034
2022-04-08,193.00,192.24,193.37,191.97,,0.0047
2022-04-07,192.09,191.45,192.43,191.24,,0.0036
2022-04-06,191.40,191.54,191.96,190.99,,-0.0002
2022-04-05,191.43,190.87,191.78,190.21,,0.0037
2022-04-04,190.73,191.70,191.77,190.71,,-0.0049
2022-04-01,191.67,191.66,192.21,191.13,,0.0009
2022-03-31,191.49,190.70,191.71,190.26,,0.0044
2022-03-30,190.65,189.85,190.98,189.74,,0.0056
2022-03-29,189.59,192.06,192.26,189.70,,-0.0126
2022-03-28,192.01,192.33,192.76,191.84,,-0.0021
2022-03-25,192.42,191.75,192.63,191.20,,0.0048
2022-03-24,191.50,191.29,192.35,190.93,,0.0015
2022-03-23,191.22,190.87,191.46,190.10,,0.0020
2022-03-22,190.84,191.76,192.56,190.76,,-0.0037
2022-03-21,191.54,190.46,191.82,190.27,,0.0060
2022-03-18,190.39,190.73,191.45,190.06,,-0.0010
2022-03-17,190.59,192.84,193.27,190.26,,-0.0118
2022-03-16,192.86,194.90,195.41,192.90,,-0.0095
2022-03-15,194.71,195.11,195.65,194.51,,-0.0002
2022-03-14,194.74,195.13,195.52,194.30,,-0.0018
2022-03-11,195.10,194.37,195.49,194.17,,0.0038
2022-03-10,194.36,193.62,194.88,193.60,,0.0040
2022-03-09,193.59,195.24,195.60,193.54,,-0.0082
2022-03-08,195.19,194.95,196.23,194.34,,0.0015
2022-03-07,194.89,193.30,195.20,193.05,,0.0119
2022-03-04,192.60,190.96,193.01,190.87,,0.0098
2022-03-03,190.73,190.35,191.34,190.19,,0.0020
2022-03-02,190.34,190.96,191.54,190.15,,-0.0031
2022-03-01,190.93,190.38,191.12,189.67,,0.0039
2022-02-28,190.19,191.04,191.50,190.32,,0.0034
2022-02-25,189.55,190.57,190.85,189.59,,-0.0051
2022-02-24,190.53,188.85,191.41,188.74,,0.0093
2022-02-23,188.78,188.57,189.07,188.10,,0.0021
2022-02-22,188.38,188.57,188.88,187.99,,-0.0001
2022-02-21,188.40,189.43,189.66,187.82,,-0.0031
2022-02-18,188.99,189.13,189.38,188.51,,-0.0006
2022-02-17,189.10,188.84,189.38,188.59,,0.0022
2022-02-16,188.69,188.80,189.29,188.54,,-0.0004
2022-02-15,188.77,188.35,189.08,188.16,,0.0025
2022-02-14,188.30,188.80,188.86,187.71,,-0.0023
2022-02-11,188.74,188.87,189.15,187.72,,-0.0002
2022-02-10,188.78,187.68,188.96,187.59,,0.0061
2022-02-09,187.64,187.92,188.15,187.49,,-0.0014
2022-02-08,187.90,188.13,188.57,187.90,,-0.0005
2022-02-07,188.00,189.34,189.46,188.10,,-0.0019
2022-02-04,188.36,188.75,188.97,188.15,,-0.0010
2022-02-03,188.55,188.71,189.78,188.45,,0.0000
2022-02-02,188.55,189.04,189.34,188.46,,-0.0024
2022-02-01,189.00,189.40,189.91,188.90,,-0.0019
2022-01-31,189.36,190.18,190.68,189.31,,-0.0041
2022-01-28,190.14,189.04,190.86,189.01,,0.0065
2022-01-27,188.91,189.96,190.42,188.85,,-0.0024
2022-01-26,189.37,189.11,189.63,188.90,,0.0014
2022-01-25,189.10,188.87,189.62,188.79,,0.0014
2022-01-24,188.84,188.24,189.34,188.17,,0.0039
2022-01-21,188.11,188.05,188.51,187.74,,0.0004
2022-01-20,188.03,187.27,188.27,187.10,,0.0042
2022-01-19,187.25,187.79,187.96,187.01,,-0.0025
2022-01-18,187.72,187.59,188.02,187.01,,0.0016
2022-01-17,187.42,187.41,188.16,187.24,,0.0005
2022-01-14,187.32,186.60,187.70,186.47,,0.0045
2022-01-13,186.49,186.51,187.13,186.12,,0.0000
2022-01-12,186.49,186.77,187.49,186.38,,-0.0029
2022-01-11,187.04,187.90,187.98,187.03,,-0.0044
2022-01-10,187.87,187.87,188.54,187.60,,0.0006
2022-01-07,187.75,188.79,189.13,187.73,,-0.0053
2022-01-06,188.75,188.65,189.35,187.90,,0.0026
2022-01-05,188.26,187.92,188.46,187.76,,0.0019
2022-01-04,187.90,188.00,188.18,187.13,,0.0017
2022-01-03,187.58,187.12,187.83,186.84,,0.0043
2021-12-31,186.78,186.80,187.41,186.32,,0.0015
2021-12-30,186.50,186.04,186.90,185.72,,0.0026
2021-12-29,186.02,186.56,186.66,185.90,,-0.0028
2021-12-28,186.54,186.24,186.76,186.04,,0.0025
2021-12-27,186.07,186.43,186.58,185.96,,-0.0009
2021-12-24,186.24,186.12,186.57,185.96,,0.0008
2021-12-23,186.09,186.49,186.93,186.01,,-0.0040
2021-12-22,186.84,186.82,187.29,186.72,,-0.0001
2021-12-21,186.85,186.64,187.38,186.49,,0.0015
2021-12-20,186.57,186.35,187.12,186.14,,0.0017
2021-12-17,186.25,186.29,186.49,185.26,,0.0000
2021-12-16,186.25,186.16,186.68,185.59,,0.0012
2021-12-15,186.03,186.14,186.92,185.93,,-0.0005
2021-12-14,186.12,186.13,186.32,185.60,,0.0008
2021-12-13,185.98,185.40,186.29,184.77,,0.0035
2021-12-10,185.33,184.75,185.74,184.40,,0.0033
2021-12-09,184.72,184.97,185.38,184.54,,-0.0027
2021-12-08,185.22,184.84,185.74,184.57,,0.0023
2021-12-07,184.79,185.16,185.74,184.77,,-0.0018
2021-12-06,185.12,185.82,186.13,185.01,,0.0004
2021-12-03,185.04,184.54,185.84,184.38,,0.0029
2021-12-02,184.50,184.84,185.20,184.02,,-0.0016
2021-12-01,184.79,185.85,186.27,184.25,,-0.0056
2021-11-30,185.83,186.43,187.02,185.76,,-0.0029
2021-11-29,186.37,187.04,187.21,186.29,,-0.0024
2021-11-26,186.82,186.38,187.22,186.30,,0.0025
2021-11-25,186.36,185.98,186.68,185.84,,0.0022
2021-11-24,185.95,186.19,186.32,185.49,,-0.0003
2021-11-23,186.01,186.45,186.59,185.91,,-0.0018
2021-11-22,186.34,186.20,186.57,185.69,,0.0027
2021-11-19,185.83,185.24,186.11,184.96,,0.0038
2021-11-18,185.12,185.10,185.99,184.68,,0.0003
2021-11-17,185.07,185.21,185.76,184.79,,-0.0005
2021-11-16,185.16,185.41,185.52,184.54,,-0.0011
2021-11-15,185.37,184.96,185.60,184.45,,0.0030
2021-11-12,184.81,185.03,187.03,183.91,,-0.0010
2021-11-11,185.00,185.51,185.84,184.27,,-0.0025
2021-11-10,185.47,184.35,185.66,184.10,,0.0063
2021-11-09,184.30,184.73,184.80,183.60,,-0.0018
2021-11-08,184.64,184.64,185.49,184.42,,0.0005
2021-11-05,184.54,185.38,185.65,184.60,,-0.0044
2021-11-04,185.35,184.01,185.82,183.71,,0.0074
2021-11-03,183.98,184.15,185.26,183.90,,-0.0008
2021-11-02,184.12,184.06,184.36,183.46,,0.0005
2021-11-01,184.03,183.37,184.39,183.16,,0.0039
2021-10-29,183.32,182.82,183.80,182.65,,0.0030
2021-10-28,182.78,183.36,183.76,182.43,,-0.0029
2021-10-27,183.31,182.99,183.61,182.59,,0.0020
2021-10-26,182.95,182.93,183.29,182.32,,0.0003
2021-10-25,182.90,184.41,184.65,182.73,,-0.0080
2021-10-22,184.38,184.24,184.93,183.66,,0.0010
2021-10-21,184.20,183.88,184.57,183.44,,0.0020
2021-10-20,183.83,184.18,184.71,183.37,,-0.0015
2021-10-19,184.10,184.43,184.74,183.87,,-0.0014
2021-10-18,184.35,183.74,184.92,183.65,,0.0039
2021-10-15,183.63,183.58,184.20,183.51,,0.0010
2021-10-14,183.44,184.64,185.12,183.51,,-0.0056
2021-10-13,184.48,185.75,186.00,184.54,,-0.0062
2021-10-12,185.64,185.37,186.16,185.30,,0.0019
2021-10-11,185.28,185.69,185.85,185.13,,-0.0024
2021-10-08,185.72,184.80,185.83,184.67,,0.0056
2021-10-07,184.69,184.71,184.91,184.30,,0.0006
2021-10-06,184.58,184.08,185.82,183.96,,0.0032
2021-10-05,184.00,183.74,184.46,183.64,,0.0020
2021-10-04,183.64,183.02,183.96,182.79,,0.0032
2021-10-01,183.05,183.79,184.45,182.92,,-0.0033
2021-09-30,183.66,183.57,184.01,182.86,,0.0013
2021-09-29,183.42,183.91,184.02,182.73,,-0.0019
2021-09-28,183.77,182.29,184.00,182.18,,0.0075
2021-09-27,182.40,182.46,182.93,181.67,,0.0000
2021-09-24,182.40,181.89,182.79,181.42,,0.0030
2021-09-23,181.86,182.90,183.63,181.24,,-0.0049
2021-09-22,182.76,183.17,183.43,182.32,,-0.0017
2021-09-21,183.08,183.63,183.82,182.90,,-0.0014
2021-09-20,183.34,182.73,184.40,182.71,,0.0042
2021-09-17,182.57,182.01,182.96,181.54,,0.0034
2021-09-16,181.95,181.33,182.37,181.15,,0.0036
2021-09-15,181.29,182.07,182.34,181.07,,-0.0040
2021-09-14,182.01,181.88,182.26,181.04,,0.0014
2021-09-13,181.76,181.62,182.48,181.56,,0.0010
2021-09-10,181.58,181.21,181.93,180.83,,0.0028
2021-09-09,181.08,180.62,181.44,180.46,,0.0032
2021-09-08,180.51,179.71,180.90,179.57,,0.0046
2021-09-07,179.68,179.21,180.46,178.84,,0.0035
2021-09-06,179.05,179.10,179.76,178.88,,0.0010
2021-09-03,178.87,179.39,179.72,178.65,,-0.0026
2021-09-02,179.34,178.96,179.90,178.80,,0.0029
2021-09-01,178.83,179.38,179.65,178.66,,-0.0028
2021-08-31,179.34,180.32,180.54,178.74,,-0.0038
2021-08-30,180.03,179.60,180.57,179.53,,0.0035
2021-08-27,179.41,180.63,181.25,179.38,,-0.0065
2021-08-26,180.58,179.75,180.80,179.59,,0.0048
2021-08-25,179.71,179.88,180.55,179.60,,-0.0005
2021-08-24,179.80,180.45,180.76,179.75,,-0.0029
2021-08-23,180.32,180.76,181.13,180.12,,-0.0023
2021-08-20,180.74,181.13,182.32,180.33,,-0.0019
2021-08-19,181.09,180.47,181.49,180.37,,0.0038
2021-08-18,180.41,181.53,181.91,180.03,,-0.0060
2021-08-17,181.49,180.00,182.09,179.87,,0.0085
2021-08-16,179.96,179.45,180.51,179.31,,0.0038
2021-08-13,179.28,179.52,180.73,179.10,,-0.0011
2021-08-12,179.47,178.13,179.99,177.95,,0.0078
2021-08-11,178.08,177.75,178.85,177.60,,0.0021
2021-08-10,177.70,176.85,177.98,176.65,,0.0051
2021-08-09,176.80,176.74,177.16,176.40,,0.0014
2021-08-06,176.56,176.88,177.18,176.37,,-0.0015
2021-08-05,176.82,177.07,177.35,176.49,,-0.0011
2021-08-04,177.02,177.52,177.69,176.51,,-0.0026
2021-08-03,177.48,178.02,178.49,177.35,,-0.0029
2021-08-02,177.99,178.27,178.55,177.74,,-0.0011
2021-07-30,178.18,177.08,178.72,176.88,,0.0064
2021-07-29,177.05,177.24,177.63,176.62,,-0.0008
2021-07-28,177.20,177.30,178.71,177.05,,0.0004
2021-07-27,177.13,177.82,177.99,177.03,,-0.0037
2021-07-26,177.78,177.76,178.51,177.60,,0.0008
2021-07-23,177.64,177.86,178.32,177.29,,-0.0008
2021-07-22,177.79,177.71,178.29,177.33,,0.0008
2021-07-21,177.65,177.10,178.65,176.88,,0.0041
2021-07-20,176.93,177.48,177.79,176.80,,-0.0020
2021-07-19,177.28,176.34,178.10,176.24,,0.0064
2021-07-16,176.16,176.72,177.10,175.85,,-0.0024
2021-07-15,176.58,176.90,177.66,176.24,,-0.0017
2021-07-14,176.88,177.79,178.13,176.63,,-0.0050
2021-07-13,177.76,177.12,178.23,176.24,,0.0044
2021-07-12,176.99,176.77,177.63,176.60,,0.0026
2021-07-09,176.53,176.69,177.41,176.32,,-0.0007
2021-07-08,176.65,176.37,177.52,176.04,,0.0019
2021-07-07,176.32,175.48,176.78,175.27,,0.0056
2021-07-06,175.34,174.90,175.94,174.68,,0.0029
2021-07-05,174.84,174.69,175.24,174.45,,0.0012
2021-07-02,174.63,175.38,175.80,174.51,,-0.0039
2021-07-01,175.32,175.10,175.60,174.73,,0.0015
2021-06-30,175.06,175.10,175.37,174.35,,0.0000
2021-06-29,175.06,175.06,175.60,174.60,,0.0002
2021-06-28,175.02,174.62,175.41,174.49,,0.0028
2021-06-25,174.53,174.89,175.17,174.22,,-0.0008
2021-06-24,174.67,175.48,175.89,174.60,,-0.0043
2021-06-23,175.42,174.93,175.71,174.53,,0.0030
2021-06-22,174.90,174.98,175.88,174.74,,-0.0002
2021-06-21,174.93,175.92,176.19,174.89,,-0.0053
2021-06-18,175.86,175.93,176.43,175.10,,-0.0002
2021-06-17,175.89,177.09,177.20,175.43,,-0.0066
2021-06-16,177.05,174.52,177.76,174.21,,0.0147
2021-06-15,174.49,174.62,174.93,174.35,,0.0005
2021-06-14,174.40,174.49,175.04,174.17,,-0.0001
2021-06-11,174.42,174.02,174.84,173.64,,0.0026
2021-06-10,173.97,174.88,175.23,173.92,,-0.0038
2021-06-09,174.63,174.63,175.08,174.07,,0.0001
2021-06-08,174.62,173.63,174.80,173.35,,0.0060
2021-06-07,173.58,173.67,174.13,173.39,,-0.0003
2021-06-04,173.63,174.37,174.82,173.38,,-0.0041
2021-06-03,174.34,174.13,174.74,173.77,,0.0015
2021-06-02,174.08,173.71,174.63,173.43,,0.0028
2021-06-01,173.60,173.96,174.26,173.23,,-0.0005
2021-05-31,173.69,174.90,175.46,173.71,,-0.0061
2021-05-28,174.75,175.26,175.45,174.75,,-0.0026
2021-05-27,175.21,174.73,175.46,174.54,,0.0031
2021-05-26,174.67,175.10,175.26,174.33,,-0.0021
2021-05-25,175.04,175.04,175.82,174.74,,0.0004
2021-05-24,174.97,175.29,175.57,174.91,,-0.0016
2021-05-21,175.25,175.29,175.59,174.43,,0.0002
2021-05-20,175.21,175.81,176.24,175.16,,-0.0031
2021-05-19,175.76,175.40,176.12,174.98,,0.0023
2021-05-18,175.36,176.56,177.01,175.18,,-0.0066
2021-05-17,176.52,175.01,176.99,174.91,,0.0094
2021-05-14,174.88,174.66,175.61,174.43,,0.0016
2021-05-13,174.60,175.46,175.95,174.54,,-0.0046
2021-05-12,175.41,174.16,175.61,174.01,,0.0082
2021-05-11,173.99,174.05,174.69,173.76,,-0.0001
2021-05-10,174.01,173.02,174.26,172.92,,0.0075
2021-05-07,172.71,173.35,173.93,172.48,,-0.0029
2021-05-06,173.21,173.77,174.09,173.16,,-0.0030
2021-05-05,173.73,173.93,174.29,173.35,,-0.0009
2021-05-04,173.89,173.09,174.39,172.84,,0.0049
2021-05-03,173.05,172.66,173.77,172.32,,0.0028
2021-04-30,172.56,171.16,172.93,170.96,,0.0085
2021-04-29,171.10,171.34,171.62,170.79,,-0.0009
2021-04-28,171.26,171.74,172.04,171.07,,-0.0027
2021-04-27,171.73,171.21,171.91,170.93,,0.0033
2021-04-26,171.17,171.79,171.97,170.98,,-0.0024
2021-04-23,171.59,172.57,172.77,171.54,,-0.0044
2021-04-22,172.34,172.04,172.79,171.77,,0.0022
2021-04-21,171.97,171.93,172.68,171.52,,0.0006
2021-04-20,171.87,171.35,172.28,170.93,,0.0035
2021-04-19,171.27,171.30,171.72,170.79,,0.0004
2021-04-16,171.20,171.23,171.95,170.56,,0.0001
2021-04-15,171.18,170.96,171.35,170.46,,0.0015
2021-04-14,170.92,171.38,171.79,170.27,,-0.0024
2021-04-13,171.33,171.84,172.24,171.20,,-0.0015
2021-04-12,171.59,171.18,172.10,170.96,,0.0032
2021-04-09,171.04,170.46,171.28,169.92,,0.0043
2021-04-08,170.31,171.07,171.43,170.16,,-0.0041
2021-04-07,171.01,171.15,171.26,170.38,,-0.0004
2021-04-06,171.07,171.32,171.68,170.71,,-0.0003
2021-04-05,171.12,172.02,172.07,170.92,,-0.0040
2021-04-02,171.80,171.95,172.18,171.57,,-0.0006
2021-04-01,171.90,172.14,172.44,171.62,,-0.0006
2021-03-31,172.00,172.49,172.76,171.74,,-0.0019
2021-03-30,172.33,172.39,172.96,172.21,,0.0008
2021-03-29,172.19,172.59,173.18,172.23,,-0.0019
2021-03-26,172.52,173.41,173.54,172.46,,-0.0049
2021-03-25,173.37,174.02,174.18,173.24,,-0.0030
2021-03-24,173.90,173.93,174.26,173.29,,0.0003
2021-03-23,173.85,173.10,174.10,172.87,,0.0049
2021-03-22,173.00,173.52,174.22,172.96,,-0.0024
2021-03-19,173.42,173.41,174.30,172.96,,0.0006
2021-03-18,173.31,172.49,173.88,172.32,,0.0055
2021-03-17,172.36,173.68,174.34,172.30,,-0.0067
2021-03-16,173.52,174.28,174.75,173.49,,-0.0038
2021-03-15,174.19,174.62,175.07,173.94,,-0.0019
2021-03-12,174.53,174.15,175.07,173.59,,0.0028
2021-03-11,174.05,174.75,175.40,173.84,,-0.0030
2021-03-10,174.57,174.57,175.88,174.49,,0.0011
2021-03-09,174.38,174.96,175.21,174.19,,-0.0023
2021-03-08,174.78,173.76,175.30,173.35,,0.0067
2021-03-05,173.61,174.81,175.78,173.36,,-0.0066
2021-03-04,174.77,174.26,175.13,173.63,,0.0039
2021-03-03,174.09,173.89,174.41,172.71,,0.0016
2021-03-02,173.81,172.21,174.35,170.43,,0.0096
2021-03-01,172.15,173.73,173.90,172.15,,-0.0078
2021-02-26,173.51,173.43,174.80,172.80,,0.0012
2021-02-25,173.30,171.54,173.76,171.26,,0.0107
2021-02-24,171.47,171.69,172.38,171.27,,-0.0008
2021-02-23,171.61,172.10,172.46,171.51,,-0.0016
2021-02-22,171.89,171.27,172.57,170.78,,0.0056
2021-02-19,170.94,170.63,171.69,170.30,,0.0021
2021-02-18,170.58,171.34,171.82,170.48,,-0.0030
2021-02-17,171.09,171.50,172.00,171.02,,-0.0009
2021-02-16,171.24,170.68,171.80,169.85,,0.0048
2021-02-15,170.42,171.00,171.26,170.43,,-0.0012
2021-02-12,170.62,170.81,171.50,170.60,,0.0004
2021-02-11,170.55,171.33,171.57,170.65,,-0.0036
2021-02-10,171.16,172.65,173.15,171.04,,-0.0083
2021-02-09,172.60,173.27,173.49,172.50,,-0.0017
2021-02-08,172.90,172.85,173.88,172.68,,0.0012
2021-02-05,172.69,173.07,174.13,172.61,,-0.0021
2021-02-04,173.05,172.38,173.49,172.21,,0.0044
2021-02-03,172.30,172.76,173.01,172.16,,-0.0023
2021-02-02,172.70,172.76,173.24,172.32,,0.0006
2021-02-01,172.59,174.00,174.40,172.60,,-0.0070
2021-01-29,173.80,172.61,174.30,172.43,,0.0077
2021-01-28,172.48,170.96,172.99,170.82,,0.0092
2021-01-27,170.91,170.46,171.22,170.28,,0.0038
2021-01-26,170.26,170.18,171.13,169.91,,0.0008
2021-01-25,170.12,170.55,170.63,169.87,,-0.0023
2021-01-22,170.51,170.23,170.96,170.05,,0.0030
2021-01-21,170.00,169.70,170.63,169.61,,0.0029
2021-01-20,169.50,170.15,170.60,169.54,,-0.0028
2021-01-19,169.97,170.07,170.43,169.57,,0.0013
2021-01-18,169.75,170.38,170.82,169.93,,-0.0027
2021-01-15,170.21,169.28,170.59,169.11,,0.0058
2021-01-14,169.23,169.77,170.51,168.96,,-0.0022
2021-01-13,169.61,169.35,169.96,169.01,,0.0021
2021-01-12,169.26,169.32,170.47,169.10,,-0.0001
2021-01-11,169.27,168.79,169.74,168.75,,0.0030
2021-01-08,168.77,168.96,169.74,168.38,,-0.0009
2021-01-07,168.93,168.35,169.43,167.95,,0.0037
2021-01-06,168.31,168.43,168.65,167.87,,0.0004
2021-01-05,168.25,168.18,168.76,167.76,,0.0008
2021-01-04,168.11,166.35,168.38,166.18,,0.0117
2021-01-01,166.16,166.35,166.41,166.27,,0.0002
2020-12-31,166.12,166.85,167.00,165.62,,-0.0032
2020-12-30,166.66,167.21,167.51,165.96,,-0.0022
2020-12-29,167.03,167.85,168.05,166.96,,-0.0030
2020-12-28,167.53,168.16,168.69,167.21,,-0.0027
2020-12-25,167.98,168.86,168.88,168.15,,-0.0042
2020-12-24,168.69,169.23,169.32,168.49,,-0.0029
2020-12-23,169.18,169.63,169.79,168.90,,-0.0024
2020-12-22,169.59,168.60,169.80,168.32,,0.0079
2020-12-21,168.26,168.18,169.76,167.86,,0.0010
2020-12-18,168.09,167.45,168.34,167.20,,0.0049
2020-12-17,167.27,167.48,167.71,166.79,,0.0004
2020-12-16,167.20,166.62,167.85,166.38,,0.0037
2020-12-15,166.58,166.90,167.45,166.40,,-0.0013
2020-12-14,166.79,166.78,167.24,166.38,,0.0004
2020-12-11,166.72,166.12,167.32,165.80,,0.0055
2020-12-10,165.80,166.18,166.72,165.62,,-0.0011
2020-12-09,165.98,166.20,166.48,165.59,,-0.0001
2020-12-08,165.99,166.09,166.51,165.70,,0.0004
2020-12-07,165.93,165.95,166.41,165.34,,0.0002
2020-12-04,165.89,166.93,167.16,165.38,,-0.0059
2020-12-03,166.88,167.63,167.90,166.43,,-0.0042
2020-12-02,167.59,168.32,168.63,167.49,,-0.0036
2020-12-01,168.20,168.69,168.88,168.07,,-0.0020
2020-11-30,168.54,168.02,168.77,167.55,,0.0041
2020-11-27,167.85,168.21,168.43,167.59,,-0.0015
2020-11-26,168.10,168.16,168.67,167.98,,0.0004
2020-11-25,168.04,168.49,168.63,167.82,,-0.0021
2020-11-24,168.40,169.15,169.25,168.28,,-0.0038
2020-11-23,169.05,169.90,170.10,168.94,,-0.0046
2020-11-20,169.83,169.23,170.18,169.05,,0.0047
2020-11-19,169.03,168.69,170.01,168.60,,0.0027
2020-11-18,168.57,168.65,169.11,168.18,,0.0000
2020-11-17,168.57,168.14,168.94,167.93,,0.0029
2020-11-16,168.08,167.76,168.74,167.31,,0.0029
2020-11-13,167.59,168.62,168.75,167.52,,-0.0057
2020-11-12,168.55,167.77,168.81,167.46,,0.0049
2020-11-11,167.73,168.88,169.01,167.67,,-0.0065
2020-11-10,168.83,168.86,169.11,168.27,,0.0004
2020-11-09,168.76,169.69,169.78,168.04,,-0.0045
2020-11-06,169.52,170.04,170.40,168.97,,-0.0021
2020-11-05,169.87,169.79,170.64,169.35,,0.0031
2020-11-04,169.34,169.43,170.54,168.74,,-0.0002
2020-11-03,169.37,169.34,169.91,169.15,,0.0006
2020-11-02,169.27,169.83,169.98,169.26,,-0.0031
2020-10-30,169.79,168.37,170.21,168.26,,0.0090
2020-10-29,168.27,168.70,169.21,168.30,,-0.0021
2020-10-28,168.63,168.41,169.49,167.79,,0.0015
2020-10-27,168.37,168.72,168.85,167.63,,-0.0020
2020-10-26,168.70,168.76,169.13,168.46,,0.0005
2020-10-23,168.62,169.82,170.12,168.70,,-0.0063
2020-10-22,169.69,170.36,170.70,169.57,,-0.0033
2020-10-21,170.26,170.57,170.76,169.80,,-0.0012
2020-10-20,170.47,170.70,170.88,170.16,,-0.0006
2020-10-19,170.57,170.54,170.88,170.01,,0.0005
2020-10-16,170.49,170.29,171.18,170.07,,0.0016
2020-10-15,170.22,170.85,171.05,169.84,,-0.0033
2020-10-14,170.79,170.28,171.03,169.46,,0.0036
2020-10-13,170.17,170.22,170.76,169.91,,0.0002
2020-10-12,170.13,170.83,171.90,170.10,,-0.0037
2020-10-09,170.77,169.53,171.38,169.46,,0.0076
2020-10-08,169.49,170.43,170.71,169.41,,-0.0053
2020-10-07,170.39,171.54,171.79,170.25,,-0.0061
2020-10-06,171.44,170.42,171.71,170.29,,0.0063
2020-10-05,170.37,171.76,171.90,170.32,,-0.0079
2020-10-02,171.72,171.25,172.04,171.14,,0.0030
2020-10-01,171.21,171.51,171.68,170.93,,-0.0012
2020-09-30,171.41,171.47,172.03,171.32,,-0.0001
2020-09-29,171.42,171.38,171.99,171.10,,0.0009
2020-09-28,171.27,172.11,172.32,171.29,,-0.0045
2020-09-25,172.05,171.28,172.63,171.10,,0.0051
2020-09-24,171.17,171.91,172.26,171.14,,-0.0040
2020-09-23,171.85,171.63,172.16,171.02,,0.0016
2020-09-22,171.58,171.17,171.79,170.77,,0.0036
2020-09-21,170.97,172.10,172.16,171.01,,-0.0062
2020-09-18,172.03,172.88,173.04,171.46,,-0.0041
2020-09-17,172.74,173.65,174.25,172.70,,-0.0049
2020-09-16,173.59,174.04,174.28,173.20,,-0.0019
2020-09-15,173.92,173.54,174.21,173.25,,0.0029
2020-09-14,173.42,173.82,173.95,173.16,,-0.0020
2020-09-11,173.77,173.85,174.07,173.43,,-0.0005
2020-09-10,173.85,173.35,173.85,173.06,,0.0026
2020-09-09,173.40,173.83,174.00,173.13,,-0.0025
2020-09-08,173.84,173.82,174.09,173.44,,-0.0003
2020-09-07,173.89,173.56,174.06,173.34,,0.0020
2020-09-04,173.54,174.00,174.17,173.40,,-0.0030
2020-09-03,174.06,173.98,174.28,173.53,,0.0005
2020-09-02,173.97,173.69,174.23,173.44,,0.0020
2020-09-01,173.63,173.47,173.94,172.95,,0.0009
2020-08-31,173.48,171.97,173.49,171.72,,0.0088
2020-08-28,171.97,172.25,172.56,171.81,,-0.0017
2020-08-27,172.27,172.04,172.35,171.81,,0.0012
2020-08-26,172.06,171.81,172.38,171.60,,0.0016
2020-08-25,171.78,171.79,172.05,171.27,,-0.0003
2020-08-24,171.84,172.32,172.41,171.62,,-0.0027
2020-08-21,172.30,171.32,172.52,171.10,,0.0053
2020-08-20,171.39,170.78,172.01,170.67,,0.0033
2020-08-19,170.83,170.98,171.29,170.25,,-0.0011
2020-08-18,171.01,170.78,171.59,170.67,,0.0012
2020-08-17,170.81,170.76,171.05,170.50,,0.0001
2020-08-14,170.79,170.61,170.99,170.36,,0.0008
2020-08-13,170.65,170.53,170.81,170.24,,0.0001
2020-08-12,170.63,170.66,170.85,170.28,,-0.0007
2020-08-11,170.75,170.39,170.83,170.11,,0.0022
2020-08-10,170.37,170.59,170.71,169.95,,-0.0017
2020-08-07,170.66,170.26,170.96,170.06,,0.0023
2020-08-06,170.27,171.06,171.06,170.19,,-0.0043
2020-08-05,171.01,171.13,171.16,170.49,,-0.0006
2020-08-04,171.12,170.87,171.43,170.62,,0.0016
2020-08-03,170.85,171.14,171.50,170.71,,-0.0020
2020-07-31,171.19,169.80,171.43,169.42,,0.0085
2020-07-30,169.75,169.95,170.87,169.57,,-0.0012
2020-07-29,169.96,171.36,171.36,169.88,,-0.0081
2020-07-28,171.34,170.88,171.47,170.07,,0.0023
2020-07-27,170.95,171.25,171.29,170.45,,-0.0018
2020-07-24,171.25,171.61,171.78,171.05,,-0.0021
2020-07-23,171.61,170.96,171.82,170.79,,0.0033
2020-07-22,171.05,171.07,171.40,170.62,,0.0000
2020-07-21,171.05,171.97,171.99,170.78,,-0.0053
2020-07-20,171.97,172.12,172.40,171.82,,-0.0012
2020-07-17,172.18,172.49,172.64,171.86,,-0.0015
2020-07-16,172.44,171.81,172.49,171.66,,0.0035
2020-07-15,171.84,172.00,172.25,171.11,,-0.0007
2020-07-14,171.96,171.98,172.58,171.49,,-0.0005
2020-07-13,172.04,171.48,172.12,171.25,,0.0033
2020-07-10,171.47,171.19,172.16,171.00,,0.0018
2020-07-09,171.16,170.31,171.40,170.07,,0.0051
2020-07-08,170.29,170.72,171.04,170.03,,-0.0020
2020-07-07,170.63,169.68,170.69,169.36,,0.0047
2020-07-06,169.84,169.70,170.05,169.31,,0.0006
2020-07-03,169.74,169.69,170.21,169.41,,0.0003
2020-07-02,169.69,169.98,170.31,169.28,,-0.0015
2020-07-01,169.94,169.66,170.44,169.54,,0.0011
2020-06-30,169.76,169.34,170.19,168.79,,0.0020
2020-06-29,169.42,170.11,170.37,169.22,,-0.0039
2020-06-26,170.08,169.76,170.16,169.06,,0.0012
2020-06-25,169.87,170.41,170.76,169.61,,-0.0032
2020-06-24,170.41,171.05,171.17,169.58,,-0.0046
2020-06-23,171.19,171.26,172.19,170.68,,0.0004
2020-06-22,171.12,171.33,171.81,170.94,,-0.0015
2020-06-19,171.37,170.90,171.44,170.33,,0.0019
2020-06-18,171.05,171.57,171.88,170.51,,-0.0030
2020-06-17,171.56,171.03,171.78,170.77,,0.0029
2020-06-16,171.07,170.48,171.59,169.81,,0.0036
2020-06-15,170.45,169.91,171.50,169.78,,0.0030
2020-06-12,169.94,170.77,171.31,169.69,,-0.0046
2020-06-11,170.73,168.64,170.93,168.21,,0.0124
2020-06-10,168.64,169.36,169.62,167.66,,-0.0041
2020-06-09,169.34,168.97,169.73,168.85,,0.0014
2020-06-08,169.11,169.72,170.35,168.81,,-0.0037
2020-06-05,169.74,171.05,171.31,169.42,,-0.0079
2020-06-04,171.09,170.84,171.36,170.55,,0.0012
2020-06-03,170.88,171.75,171.88,170.62,,-0.0054
2020-06-02,171.81,171.60,172.43,171.25,,0.0013
2020-06-01,171.58,172.57,172.76,171.39,,-0.0057
2020-05-29,172.56,173.26,173.60,172.29,,-0.0039
2020-05-28,173.24,172.71,173.38,172.36,,0.0031
2020-05-27,172.71,172.54,173.10,172.19,,0.0010
2020-05-26,172.53,173.83,174.03,172.27,,-0.0078
2020-05-25,173.88,173.97,174.34,173.52,,-0.0007
2020-05-22,174.00,173.38,174.40,173.25,,0.0039
2020-05-21,173.32,173.04,173.66,172.88,,0.0017
2020-05-20,173.03,172.57,173.33,172.39,,0.0026
2020-05-19,172.58,172.33,172.62,171.75,,0.0015
2020-05-18,172.33,173.63,173.63,172.14,,-0.0075
2020-05-15,173.63,172.96,173.84,172.81,,0.0037
2020-05-14,172.99,173.16,173.89,172.80,,-0.0005
2020-05-13,173.07,173.19,173.49,172.32,,-0.0008
2020-05-12,173.21,172.32,173.28,172.13,,0.0051
2020-05-11,172.33,172.50,172.85,171.68,,-0.0006
2020-05-08,172.43,172.16,172.60,171.43,,0.0012
2020-05-07,172.23,173.00,173.13,171.81,,-0.0048
2020-05-06,173.06,173.23,173.73,172.20,,-0.0003
2020-05-05,173.12,173.35,173.35,172.44,,-0.0013
2020-05-04,173.34,173.39,174.19,173.14,,-0.0006
2020-05-01,173.44,171.75,173.47,171.69,,0.0090
2020-04-30,171.89,171.29,172.18,170.79,,0.0044
2020-04-29,171.14,172.51,172.72,171.00,,-0.0083
2020-04-28,172.58,172.53,173.29,171.87,,0.0005
2020-04-27,172.50,173.89,174.54,172.31,,-0.0073
2020-04-24,173.77,174.48,175.03,173.62,,-0.0045
2020-04-23,174.56,174.20,174.69,173.42,,0.0021
2020-04-22,174.20,173.88,174.71,173.53,,0.0015
2020-04-21,173.94,172.68,175.12,172.53,,0.0080
2020-04-20,172.56,171.93,172.63,171.65,,0.0035
2020-04-17,171.95,173.60,173.61,171.48,,-0.0094
2020-04-16,173.58,173.31,173.88,172.99,,0.0017
2020-04-15,173.28,171.97,173.37,171.54,,0.0073
2020-04-14,172.02,172.37,172.91,171.82,,-0.0023
2020-04-13,172.42,172.29,173.63,172.16,,0.0013
2020-04-10,172.19,171.97,172.76,171.53,,0.0014
2020-04-09,171.95,172.04,172.90,171.43,,-0.0010
2020-04-08,172.13,172.53,173.59,171.79,,-0.0021
2020-04-07,172.50,172.75,173.13,171.39,,-0.0009
2020-04-06,172.66,174.22,174.62,172.43,,-0.0097
2020-04-03,174.35,173.40,174.95,172.87,,0.0059
2020-04-02,173.33,174.20,175.03,172.62,,-0.0049
2020-04-01,174.18,172.07,174.51,171.81,,0.0122
2020-03-31,172.08,172.50,172.69,171.33,,-0.0024
2020-03-30,172.49,170.82,173.06,170.81,,0.0093
2020-03-27,170.90,171.59,172.95,170.53,,-0.0038
2020-03-26,171.55,173.22,173.69,171.39,,-0.0101
2020-03-25,173.30,174.81,175.57,173.30,,-0.0082
2020-03-24,174.74,179.55,179.55,174.59,,-0.0265
2020-03-23,179.49,176.94,180.85,176.81,,0.0149
2020-03-20,176.85,177.00,177.87,174.93,,-0.0010
2020-03-19,177.03,178.38,182.70,175.56,,-0.0071
2020-03-18,178.30,176.89,179.96,175.70,,0.0079
2020-03-17,176.91,176.23,178.09,176.16,,0.0035
2020-03-16,176.29,172.87,176.39,172.46,,0.0197
2020-03-13,172.89,172.39,175.23,172.25,,0.0034
2020-03-12,172.31,171.43,173.23,170.87,,0.0056
2020-03-11,171.35,170.44,172.22,170.19,,0.0053
2020-03-10,170.45,172.88,172.96,170.27,,-0.0141
2020-03-09,172.88,171.46,174.28,171.44,,0.0081
2020-03-06,171.49,171.40,172.21,170.81,,0.0007
2020-03-05,171.37,171.06,171.91,170.07,,0.0015
2020-03-04,171.12,169.58,171.42,169.58,,0.0088
2020-03-03,169.63,171.04,171.56,169.50,,-0.0075
2020-03-02,170.91,171.66,172.65,170.66,,-0.0044
2020-02-28,171.67,173.15,173.78,171.48,,-0.0084
2020-02-27,173.13,172.63,173.60,172.20,,0.0025
2020-02-26,172.70,173.40,174.06,172.58,,-0.0039
2020-02-25,173.38,173.50,173.58,172.00,,-0.0003
2020-02-24,173.44,171.74,173.74,171.74,,0.0097
2020-02-21,171.78,171.59,172.54,171.20,,0.0010
2020-02-20,171.61,170.46,172.13,170.27,,0.0067
2020-02-19,170.47,170.24,170.59,169.69,,0.0015
2020-02-18,170.22,169.83,170.30,169.61,,0.0025
2020-02-17,169.79,169.33,169.79,168.96,,0.0024
2020-02-14,169.38,169.78,170.04,169.13,,-0.0024
2020-02-13,169.78,169.18,169.86,168.97,,0.0035
2020-02-12,169.18,169.73,170.08,169.03,,-0.0032
2020-02-11,169.72,170.09,170.19,169.40,,-0.0024
2020-02-10,170.12,170.33,170.69,169.86,,-0.0011
2020-02-07,170.31,170.18,170.96,169.94,,0.0008
2020-02-06,170.18,169.83,170.27,169.19,,0.0020
2020-02-05,169.84,169.19,170.38,169.12,,0.0040
2020-02-04,169.16,169.59,170.16,169.16,,-0.0025
2020-02-03,169.59,172.42,172.74,169.56,,-0.0164
2020-01-31,172.41,171.36,172.84,170.77,,0.0061
2020-01-30,171.36,170.06,172.13,169.93,,0.0076
2020-01-29,170.06,169.69,170.24,169.32,,0.0030
2020-01-28,169.55,169.69,170.35,169.37,,-0.0014
2020-01-27,169.78,168.70,170.15,168.70,,0.0064
2020-01-24,168.70,168.58,168.83,168.17,,0.0006
2020-01-23,168.60,168.73,169.20,168.17,,-0.0011
2020-01-22,168.79,169.46,169.49,168.49,,-0.0037
2020-01-21,169.42,168.88,169.99,168.68,,0.0033
2020-01-20,168.87,169.31,169.49,168.85,,-0.0026
2020-01-17,169.31,168.75,169.44,168.28,,0.0034
2020-01-16,168.74,168.20,168.95,167.98,,0.0033
2020-01-15,168.18,168.26,169.01,167.86,,-0.0004
2020-01-14,168.25,167.52,168.52,166.96,,0.0042
2020-01-13,167.54,167.49,168.04,166.96,,0.0002
2020-01-10,167.50,167.32,167.95,167.17,,0.0011
2020-01-09,167.31,167.47,167.78,167.06,,-0.0002
2020-01-08,167.34,168.15,169.83,167.02,,-0.0052
2020-01-07,168.22,167.36,168.30,166.97,,0.0051
2020-01-06,167.37,167.33,168.19,167.26,,-0.0001
2020-01-03,167.39,166.41,167.65,166.04,,0.0067
2020-01-02,166.27,165.73,166.70,165.59,,0.0024
2020-01-01,165.88,165.95,166.02,165.76,,0.0000
2019-12-31,165.88,165.76,166.13,165.62,,0.0008
2019-12-30,165.74,165.95,166.00,165.18,,-0.0002
2019-12-27,165.77,166.02,166.13,165.45,,-0.0021
2019-12-26,166.12,166.20,166.45,165.87,,0.0003
2019-12-25,166.07,166.10,166.44,165.72,,0.0002
2019-12-24,166.04,166.01,166.37,165.60,,0.0003
2019-12-23,165.99,165.46,166.21,165.37,,0.0031
2019-12-20,165.47,165.92,166.40,165.14,,-0.0028
2019-12-19,165.94,166.57,166.66,165.90,,-0.0037
2019-12-18,166.55,166.35,167.13,166.17,,0.0010
2019-12-17,166.38,167.06,167.38,166.16,,-0.0042
2019-12-16,167.08,168.31,168.45,167.01,,-0.0072
2019-12-13,168.29,167.93,168.64,167.32,,0.0022
2019-12-12,167.92,169.10,169.61,167.61,,-0.0064
2019-12-11,169.01,169.22,169.92,169.01,,-0.0014
2019-12-10,169.25,169.27,169.80,169.01,,0.0007
2019-12-09,169.13,168.64,169.43,168.59,,0.0030
2019-12-06,168.62,168.73,169.27,168.32,,-0.0008
2019-12-05,168.76,169.08,169.44,168.49,,-0.0014
2019-12-04,168.99,168.38,169.19,168.23,,0.0027
2019-12-03,168.53,168.38,169.11,168.22,,0.0005
2019-12-02,168.45,168.06,168.71,167.55,,0.0025
2019-11-29,168.03,167.62,168.24,167.46,,0.0028
2019-11-28,167.56,167.40,168.03,167.30,,0.0007
2019-11-27,167.44,166.81,167.82,166.70,,0.0038
2019-11-26,166.81,166.83,167.64,166.47,,-0.0001
2019-11-25,166.83,167.73,167.73,166.71,,-0.0050
2019-11-22,167.66,167.55,167.85,167.08,,0.0014
2019-11-21,167.43,166.31,167.54,166.20,,0.0061
2019-11-20,166.41,166.26,166.80,166.17,,0.0010
2019-11-19,166.25,166.12,166.69,165.88,,0.0007
2019-11-18,166.13,166.10,166.54,165.82,,0.0005
2019-11-15,166.04,166.50,166.71,165.89,,-0.0028
2019-11-14,166.51,166.94,167.11,166.44,,-0.0017
2019-11-13,166.80,166.38,167.14,166.17,,0.0020
2019-11-12,166.46,166.25,166.57,165.74,,0.0013
2019-11-11,166.24,165.70,166.61,165.59,,0.0037
2019-11-08,165.63,165.54,165.95,165.20,,0.0004
2019-11-07,165.56,165.97,166.28,165.16,,-0.0025
2019-11-06,165.98,165.05,166.18,164.95,,0.0058
2019-11-05,165.03,165.58,165.59,164.90,,-0.0024
2019-11-04,165.42,165.47,165.51,164.71,,-0.0005
2019-11-01,165.51,166.10,166.35,165.28,,-0.0044
2019-10-31,166.24,165.19,166.45,164.50,,0.0064
2019-10-30,165.18,165.38,165.97,165.11,,-0.0004
2019-10-29,165.24,165.22,165.49,164.72,,-0.0006
2019-10-28,165.34,165.90,165.99,165.24,,-0.0031
2019-10-25,165.85,166.25,166.35,165.67,,-0.0024
2019-10-24,166.25,165.50,166.25,165.33,,0.0034
2019-10-23,165.69,165.81,166.25,165.49,,-0.0004
2019-10-22,165.76,165.80,166.03,165.32,,0.0004
2019-10-21,165.69,166.44,166.71,165.34,,-0.0047
2019-10-18,166.47,166.61,167.06,166.40,,-0.0007
2019-10-17,166.59,167.18,167.47,166.03,,-0.0040
2019-10-16,167.26,167.46,167.88,167.12,,-0.0003
2019-10-15,167.31,167.41,167.77,167.07,,-0.0018
2019-10-14,167.62,167.03,168.04,166.87,,0.0039
2019-10-11,166.97,167.33,167.90,166.20,,-0.0019
2019-10-10,167.28,168.04,168.54,167.14,,-0.0045
2019-10-09,168.04,167.93,168.18,167.53,,0.0004
2019-10-08,167.97,167.54,168.01,167.26,,0.0028
2019-10-07,167.50,166.79,167.72,166.79,,0.0043
2019-10-04,166.78,168.13,168.38,166.74,,-0.0080
2019-10-03,168.13,168.62,168.84,168.07,,-0.0029
2019-10-02,168.62,168.34,168.97,168.09,,0.0017
2019-10-01,168.34,167.75,168.52,167.40,,0.0035
2019-09-30,167.75,168.91,169.07,167.72,,-0.0067
2019-09-27,168.89,168.38,169.05,167.95,,0.0034
2019-09-26,168.31,168.30,168.76,168.06,,0.0004
2019-09-25,168.24,167.94,168.78,167.80,,0.0014
2019-09-24,168.00,167.90,168.50,167.62,,0.0007
2019-09-23,167.88,168.41,168.51,167.66,,-0.0030
2019-09-20,168.38,168.44,168.57,167.47,,-0.0004
2019-09-19,168.44,168.18,168.75,168.00,,0.0015
2019-09-18,168.18,167.46,168.65,167.38,,0.0043
2019-09-17,167.46,167.68,168.18,167.32,,-0.0013
2019-09-16,167.68,166.57,167.89,166.57,,0.0062
2019-09-13,166.64,167.23,167.39,166.08,,-0.0023
2019-09-12,167.03,167.28,167.59,166.34,,-0.0017
2019-09-11,167.31,167.65,168.00,167.26,,-0.0013
2019-09-10,167.52,167.38,167.83,166.91,,0.0001
2019-09-09,167.50,167.60,167.99,166.94,,-0.0007
2019-09-06,167.62,167.62,168.04,167.22,,0.0002
2019-09-05,167.59,168.43,168.62,167.19,,-0.0058
2019-09-04,168.57,168.88,169.25,168.31,,-0.0011
2019-09-03,168.76,169.36,169.56,168.73,,-0.0035
2019-09-02,169.36,169.03,169.80,168.84,,0.0013
2019-08-30,169.14,169.27,169.61,168.76,,-0.0006
2019-08-29,169.24,169.30,169.97,169.04,,-0.0005
2019-08-28,169.33,169.34,169.82,169.20,,0.0001
2019-08-27,169.32,169.60,170.12,169.09,,-0.0015
2019-08-26,169.58,170.98,172.08,169.55,,-0.0085
2019-08-23,171.03,171.06,171.64,170.63,,0.0009
2019-08-22,170.88,170.25,171.06,170.19,,0.0038
2019-08-21,170.24,170.87,171.43,170.00,,-0.0037
2019-08-20,170.87,171.98,172.14,170.76,,-0.0065
2019-08-19,171.99,171.57,172.25,171.42,,0.0023
2019-08-16,171.59,172.50,172.91,171.17,,-0.0053
2019-08-15,172.50,173.21,173.44,172.31,,-0.0043
2019-08-14,173.24,171.26,173.62,171.20,,0.0113
2019-08-13,171.31,172.82,173.43,171.22,,-0.0082
2019-08-12,172.73,171.98,173.01,171.89,,0.0045
2019-08-09,171.96,171.48,172.39,171.34,,0.0028
2019-08-08,171.48,171.94,172.32,171.23,,-0.0019
2019-08-07,171.81,172.52,172.88,171.68,,-0.0051
2019-08-06,172.69,172.78,173.15,171.80,,-0.0006
2019-08-05,172.80,173.81,174.90,172.44,,-0.0044
2019-08-02,173.56,173.30,173.92,171.75,,0.0008
2019-08-01,173.42,172.63,173.70,171.94,,0.0046
2019-07-31,172.62,171.69,172.80,171.44,,0.0059
2019-07-30,171.60,171.61,171.85,171.23,,-0.0007
2019-07-29,171.72,172.13,172.44,171.57,,-0.0025
2019-07-26,172.15,172.30,172.68,171.82,,-0.0009
2019-07-25,172.31,171.48,172.50,171.39,,0.0049
2019-07-24,171.47,171.53,171.75,171.00,,-0.0002
2019-07-23,171.51,171.01,171.69,170.85,,0.0028
2019-07-22,171.03,170.88,171.50,170.75,,0.0008
2019-07-19,170.89,170.45,171.11,170.24,,0.0025
2019-07-18,170.46,171.78,172.35,170.46,,-0.0076
2019-07-17,171.76,171.55,172.02,171.17,,0.0012
2019-07-16,171.56,171.55,171.89,171.05,,-0.0003
2019-07-15,171.62,171.14,171.88,171.09,,0.0030
2019-07-12,171.11,171.04,171.75,170.89,,0.0003
2019-07-11,171.06,171.17,171.57,170.50,,-0.0008
2019-07-10,171.19,171.72,171.89,171.03,,-0.0034
2019-07-09,171.78,171.70,172.26,171.34,,0.0010
2019-07-08,171.60,170.52,171.91,170.45,,0.0067
2019-07-05,170.45,169.94,170.55,169.85,,0.0025
2019-07-04,170.02,170.15,170.63,169.79,,-0.0006
2019-07-03,170.13,169.84,170.66,169.66,,0.0015
2019-07-02,169.87,169.63,170.34,169.37,,0.0018
2019-07-01,169.56,168.44,170.18,167.42,,0.0069
2019-06-28,168.40,168.42,168.81,168.02,,0.0008
2019-06-27,168.26,167.79,168.40,167.50,,0.0026
2019-06-26,167.83,168.08,168.68,167.70,,-0.0014
2019-06-25,168.06,167.95,168.26,167.60,,0.0010
2019-06-24,167.90,168.88,169.04,167.86,,-0.0049
2019-06-21,168.73,169.24,170.04,168.42,,-0.0029
2019-06-20,169.22,169.82,170.03,168.78,,-0.0037
2019-06-19,169.84,170.22,170.97,169.71,,-0.0021
2019-06-18,170.19,171.35,171.60,169.89,,-0.0066
2019-06-17,171.32,171.38,171.64,171.01,,-0.0004
2019-06-14,171.38,170.84,171.53,170.66,,0.0025
2019-06-13,170.96,171.19,171.71,170.71,,-0.0008
2019-06-12,171.09,170.53,171.26,170.47,,0.0028
2019-06-11,170.62,170.82,171.19,170.38,,-0.0012
2019-06-10,170.83,170.97,171.54,170.58,,-0.0014
2019-06-07,171.07,170.64,171.90,170.51,,0.0029
2019-06-06,170.58,170.93,171.16,170.39,,-0.0019
2019-06-05,170.91,170.52,171.22,169.90,,0.0021
2019-06-04,170.56,170.84,171.61,170.41,,-0.0018
2019-06-03,170.87,172.09,172.53,170.69,,-0.0076
2019-05-31,172.17,172.42,173.07,172.12,,-0.0012
2019-05-30,172.38,172.69,172.78,171.91,,-0.0018
2019-05-29,172.69,172.01,173.20,171.83,,0.0037
2019-05-28,172.06,171.76,172.45,171.58,,0.0020
2019-05-27,171.72,171.91,172.19,171.60,,-0.0007
2019-05-24,171.84,172.16,172.47,171.81,,-0.0019
2019-05-23,172.17,172.56,172.98,171.95,,-0.0014
2019-05-22,172.42,172.70,173.15,172.05,,-0.0023
2019-05-21,172.81,172.93,173.19,172.53,,-0.0002
2019-05-20,172.84,172.68,172.99,172.17,,0.0009
2019-05-17,172.69,173.21,173.41,172.35,,-0.0030
2019-05-16,173.21,172.56,173.52,172.51,,0.0036
2019-05-15,172.59,172.75,173.41,172.50,,-0.0009
2019-05-14,172.75,172.83,173.13,172.39,,-0.0004
2019-05-13,172.82,172.20,173.39,172.20,,0.0035
2019-05-10,172.21,172.86,173.65,172.00,,-0.0036
2019-05-09,172.84,172.97,173.94,172.51,,-0.0006
2019-05-08,172.95,173.12,173.15,172.44,,-0.0003
2019-05-07,173.00,172.64,173.47,172.09,,0.0009
2019-05-06,172.84,172.97,174.51,172.60,,-0.0003
2019-05-03,172.89,173.26,174.09,172.83,,-0.0023
2019-05-02,173.29,173.02,173.49,172.38,,0.0012
2019-05-01,173.09,172.94,173.22,172.34,,0.0013
2019-04-30,172.87,172.25,173.53,172.16,,0.0036
2019-04-29,172.25,172.19,172.54,171.87,,0.0003
2019-04-26,172.20,172.03,172.69,171.66,,0.0010
2019-04-25,172.03,171.98,172.96,171.88,,0.0003
2019-04-24,171.98,169.96,172.33,169.93,,0.0119
2019-04-23,169.95,170.00,170.46,169.79,,-0.0002
2019-04-22,169.99,169.43,170.41,169.37,,0.0027
2019-04-19,169.54,169.56,169.90,169.44,,0.0003
2019-04-18,169.49,169.35,170.00,169.18,,0.0011
2019-04-17,169.30,169.50,169.81,169.18,,-0.0012
2019-04-16,169.50,169.19,169.64,169.06,,0.0018
2019-04-15,169.20,169.28,169.60,168.74,,-0.0003
2019-04-12,169.25,169.95,170.22,168.82,,-0.0041
2019-04-11,169.95,169.44,170.06,169.35,,0.0030
2019-04-10,169.44,170.00,170.44,169.25,,-0.0034
2019-04-09,170.01,170.20,170.46,169.71,,-0.0002
2019-04-08,170.05,169.24,170.57,169.01,,0.0043
2019-04-05,169.32,169.24,169.57,169.03,,0.0009
2019-04-04,169.16,168.97,169.41,168.79,,0.0005
2019-04-03,169.07,169.19,169.38,168.80,,-0.0007
2019-04-02,169.18,168.84,169.40,168.66,,0.0015
2019-04-01,168.92,169.41,169.55,168.73,,-0.0031
2019-03-29,169.45,168.56,169.66,168.44,,0.0053
2019-03-28,168.56,169.35,169.52,168.49,,-0.0047
2019-03-27,169.35,169.13,169.45,168.86,,0.0012
2019-03-26,169.14,168.84,169.24,168.64,,0.0018
2019-03-25,168.84,169.06,169.38,168.69,,-0.0016
2019-03-22,169.11,168.39,169.50,168.32,,0.0040
2019-03-21,168.44,168.23,169.14,168.00,,0.0014
2019-03-20,168.20,168.54,169.00,167.86,,-0.0018
2019-03-19,168.50,168.71,168.98,168.11,,-0.0012
2019-03-18,168.70,169.06,169.43,168.43,,-0.0027
2019-03-15,169.16,169.00,169.66,168.47,,0.0007
2019-03-14,169.04,168.59,169.34,168.50,,0.0028
2019-03-13,168.56,168.19,169.11,168.05,,0.0021
2019-03-12,168.21,168.17,168.63,167.71,,-0.0002
2019-03-11,168.25,168.81,169.31,168.16,,-0.0026
2019-03-08,168.69,169.00,169.34,168.40,,-0.0018
2019-03-07,169.00,168.11,169.16,167.94,,0.0052
2019-03-06,168.12,167.85,168.60,167.81,,0.0017
2019-03-05,167.84,167.92,168.37,167.77,,-0.0006
2019-03-04,167.94,168.18,168.47,167.72,,-0.0012
2019-03-01,168.15,168.11,168.23,167.66,,-0.0002
2019-02-28,168.19,167.21,168.53,167.00,,0.0058
2019-02-27,167.22,166.58,167.81,166.47,,0.0043
2019-02-26,166.50,166.77,167.36,166.37,,-0.0020
2019-02-25,166.84,167.35,168.15,166.75,,-0.0025
2019-02-22,167.25,167.59,167.88,167.00,,-0.0014
2019-02-21,167.49,167.04,168.13,166.85,,0.0022
2019-02-20,167.12,166.16,167.39,166.00,,0.0058
2019-02-19,166.15,166.46,166.97,166.09,,-0.0019
2019-02-18,166.46,166.22,166.73,165.92,,0.0009
2019-02-15,166.31,166.42,166.95,166.23,,-0.0001
2019-02-14,166.32,166.50,166.80,166.12,,-0.0011
2019-02-13,166.50,165.51,166.59,165.41,,0.0059
2019-02-12,165.53,165.77,166.16,165.45,,-0.0015
2019-02-11,165.78,166.63,166.88,165.56,,-0.0056
2019-02-08,166.72,166.76,167.23,166.24,,-0.0002
2019-02-07,166.76,166.32,167.13,166.12,,0.0026
2019-02-06,166.32,165.70,166.41,165.64,,0.0040
2019-02-05,165.65,166.03,166.41,165.58,,-0.0023
2019-02-04,166.04,165.90,166.56,165.81,,0.0005
2019-02-01,165.96,165.94,166.59,165.63,,-0.0003
2019-01-31,166.01,165.42,166.54,165.19,,0.0036
2019-01-30,165.42,166.11,166.76,165.17,,-0.0038
2019-01-29,166.05,165.90,166.43,165.55,,0.0010
2019-01-28,165.88,165.75,166.22,165.52,,0.0004
2019-01-25,165.81,166.21,166.43,165.50,,-0.0028
2019-01-24,166.27,165.92,166.82,165.82,,0.0025
2019-01-23,165.85,166.27,166.42,165.75,,-0.0023
2019-01-22,166.24,166.68,166.76,165.93,,-0.0038
2019-01-21,166.88,166.19,166.91,165.84,,0.0046
2019-01-18,166.12,165.67,166.19,165.30,,0.0027
2019-01-17,165.68,165.86,166.35,165.27,,-0.0012
2019-01-16,165.88,166.08,166.48,165.48,,-0.0013
2019-01-15,166.09,165.75,166.38,165.41,,0.0021
2019-01-14,165.75,165.34,166.53,165.30,,0.0024
2019-01-11,165.35,164.73,165.81,164.60,,0.0042
2019-01-10,164.66,163.95,165.26,163.88,,0.0038
2019-01-09,164.04,163.92,164.53,163.71,,0.0012
2019-01-08,163.84,163.15,164.49,163.03,,0.0043
2019-01-07,163.14,162.43,163.82,162.26,,0.0034
2019-01-04,162.59,163.88,164.47,162.43,,-0.0076
2019-01-03,163.83,163.20,164.48,163.07,,0.0036
2019-01-02,163.24,161.89,163.76,161.89,,0.0090
2019-01-01,161.78,162.00,162.09,161.77,,-0.0014
2018-12-31,162.00,162.40,162.50,161.49,,-0.0025
2018-12-28,162.40,163.16,163.53,161.93,,-0.0045
2018-12-27,163.13,163.35,163.68,162.48,,-0.0004
2018-12-26,163.19,163.11,163.80,162.97,,-0.0013
2018-12-25,163.41,163.09,163.72,162.91,,0.0022
2018-12-24,163.05,163.45,163.56,162.80,,-0.0026
2018-12-21,163.47,163.07,163.62,162.34,,0.0025
2018-12-20,163.07,163.94,164.07,162.75,,-0.0051
2018-12-19,163.91,163.50,163.97,162.68,,0.0024
2018-12-18,163.52,163.77,164.27,163.37,,-0.0015
2018-12-17,163.77,163.89,164.35,163.60,,-0.0013
2018-12-14,163.98,163.58,164.60,163.44,,0.0026
2018-12-13,163.56,163.48,163.97,163.22,,0.0004
2018-12-12,163.49,163.68,164.19,163.29,,-0.0013
2018-12-11,163.70,163.26,164.19,163.26,,0.0028
2018-12-10,163.25,163.64,163.90,163.02,,-0.0021
2018-12-07,163.60,162.57,163.84,162.34,,0.0065
2018-12-06,162.54,162.47,163.29,162.20,,0.0002
2018-12-05,162.50,162.54,162.92,162.07,,-0.0004
2018-12-04,162.56,161.19,162.75,161.06,,0.0084
2018-12-03,161.20,160.96,161.68,160.23,,0.0014
2018-11-30,160.97,161.06,161.90,160.60,,0.0000
2018-11-29,160.97,161.57,161.99,160.84,,-0.0037
2018-11-28,161.56,162.59,162.91,161.40,,-0.0065
2018-11-27,162.62,162.80,163.09,162.34,,-0.0010
2018-11-26,162.78,163.14,163.28,162.32,,-0.0021
2018-11-23,163.13,163.77,163.97,162.73,,-0.0041
2018-11-22,163.80,162.84,163.80,162.71,,0.0058
2018-11-21,162.86,162.78,163.49,162.67,,0.0007
2018-11-20,162.74,162.18,162.89,162.13,,0.0036
2018-11-19,162.16,161.62,162.97,161.61,,0.0033
2018-11-16,161.63,162.55,163.13,161.36,,-0.0057
2018-11-15,162.55,162.99,163.42,162.12,,-0.0026
2018-11-14,162.97,162.77,163.71,162.34,,0.0018
2018-11-13,162.67,163.49,163.81,162.40,,-0.0058
2018-11-12,163.62,162.53,163.85,162.47,,0.0067
2018-11-09,162.53,161.73,162.82,161.54,,0.0048
2018-11-08,161.75,161.33,161.98,160.83,,0.0026
2018-11-07,161.33,162.14,162.56,161.27,,-0.0050
2018-11-06,162.14,161.83,162.87,161.83,,0.0020
2018-11-05,161.82,162.16,162.90,161.58,,-0.0027
2018-11-02,162.26,162.50,163.20,161.57,,-0.0008
2018-11-01,162.39,163.62,163.75,162.06,,-0.0081
2018-10-31,163.72,163.59,163.94,163.28,,0.0009
2018-10-30,163.57,164.28,164.47,163.20,,-0.0044
2018-10-29,164.29,164.34,164.50,163.50,,0.0004
2018-10-26,164.22,163.66,164.94,163.41,,0.0033
2018-10-25,163.68,164.13,164.39,163.25,,-0.0029
2018-10-24,164.15,163.72,164.26,162.85,,0.0028
2018-10-23,163.69,163.07,164.38,162.87,,0.0035
2018-10-22,163.12,163.36,164.07,162.73,,-0.0016
2018-10-19,163.38,164.22,164.44,162.96,,-0.0045
2018-10-18,164.12,162.90,164.35,162.78,,0.0074
2018-10-17,162.91,162.58,163.12,162.40,,0.0025
2018-10-16,162.50,163.47,164.12,162.12,,-0.0070
2018-10-15,163.64,163.44,164.22,162.94,,0.0013
2018-10-12,163.43,164.87,165.22,163.24,,-0.0084
2018-10-11,164.81,165.12,165.54,164.20,,-0.0019
2018-10-10,165.12,163.56,165.30,163.27,,0.0097
2018-10-09,163.54,163.69,164.49,163.46,,-0.0010
2018-10-08,163.71,164.80,165.02,163.63,,-0.0067
2018-10-05,164.82,165.03,165.14,164.19,,-0.0013
2018-10-04,165.03,163.85,165.17,163.78,,0.0071
2018-10-03,163.86,162.98,164.00,162.67,,0.0063
2018-10-02,162.83,162.02,163.32,161.88,,0.0043
2018-10-01,162.14,161.60,162.28,161.47,,0.0032
2018-09-28,161.62,161.64,161.74,160.81,,-0.0006
2018-09-27,161.72,162.31,162.47,161.20,,-0.0028
2018-09-26,162.18,162.66,162.78,161.58,,-0.0039
2018-09-25,162.81,163.41,163.50,162.61,,-0.0034
2018-09-24,163.36,162.64,163.62,162.55,,0.0047
2018-09-21,162.59,163.17,163.56,162.39,,-0.0036
2018-09-20,163.17,163.38,164.07,163.14,,-0.0013
2018-09-19,163.39,163.63,164.31,163.32,,-0.0015
2018-09-18,163.64,164.24,164.94,163.54,,-0.0038
2018-09-17,164.26,163.38,164.58,163.25,,0.0059
2018-09-14,163.30,163.69,163.94,162.84,,-0.0020
2018-09-13,163.63,163.18,164.25,162.99,,0.0021
2018-09-12,163.28,163.56,164.59,162.82,,-0.0016
2018-09-11,163.54,164.81,166.04,163.50,,-0.0077
2018-09-10,164.81,164.90,165.15,164.31,,-0.0006
2018-09-07,164.91,164.22,165.00,163.88,,0.0046
2018-09-06,164.16,163.82,164.59,163.47,,0.0013
2018-09-05,163.95,163.50,164.81,163.15,,0.0034
2018-09-04,163.40,162.97,164.00,162.94,,0.0025
2018-09-03,163.00,163.34,163.79,162.38,,-0.0020
2018-08-31,163.33,162.84,163.73,162.56,,0.0028
2018-08-30,162.88,162.91,163.10,162.22,,0.0004
2018-08-29,162.82,162.94,163.39,162.48,,-0.0006
2018-08-28,162.92,162.69,163.18,162.33,,0.0012
2018-08-27,162.72,163.70,164.05,162.51,,-0.0062
2018-08-24,163.73,163.42,164.05,162.28,,0.0013
2018-08-23,163.51,163.40,163.94,163.08,,0.0008
2018-08-22,163.38,163.15,163.90,162.97,,0.0019
2018-08-21,163.07,162.93,163.84,162.75,,0.0001
2018-08-20,163.05,162.75,164.06,162.70,,0.0015
2018-08-17,162.81,163.80,163.94,162.50,,-0.0059
2018-08-16,163.78,163.56,164.19,163.22,,0.0016
2018-08-15,163.52,163.85,164.56,163.46,,-0.0022
2018-08-14,163.88,164.95,165.09,163.76,,-0.0067
2018-08-13,164.99,165.07,165.75,164.32,,-0.0004
2018-08-10,165.06,164.70,165.47,164.33,,0.0019
2018-08-09,164.74,163.52,164.84,163.32,,0.0080
2018-08-08,163.44,163.46,164.55,163.27,,-0.0012
2018-08-07,163.64,164.41,164.68,163.52,,-0.0046
2018-08-06,164.40,164.40,165.42,164.21,,0.0001
2018-08-03,164.39,164.81,165.25,163.75,,-0.0030
2018-08-02,164.88,164.02,165.62,163.93,,0.0049
2018-08-01,164.08,163.38,165.12,163.27,,0.0041
2018-07-31,163.41,164.25,164.54,163.02,,-0.0037
2018-07-30,164.02,163.66,164.29,163.18,,0.0015
2018-07-27,163.77,165.51,165.70,163.47,,-0.0106
2018-07-26,165.53,165.15,166.35,164.98,,0.0025
2018-07-25,165.12,166.12,166.64,165.07,,-0.0053
2018-07-24,166.00,166.96,167.57,165.81,,-0.0058
2018-07-23,166.97,166.50,167.77,166.26,,0.0023
2018-07-20,166.58,167.58,168.15,166.50,,-0.0061
2018-07-19,167.61,168.39,168.70,167.38,,-0.0043
2018-07-18,168.33,168.01,168.94,167.87,,0.0017
2018-07-17,168.05,168.69,168.90,167.89,,-0.0036
2018-07-16,168.65,168.92,169.11,168.51,,-0.0014
2018-07-13,168.89,168.60,169.42,168.26,,0.0014
2018-07-12,168.66,168.86,169.57,168.23,,-0.0012
2018-07-11,168.87,168.18,169.68,167.94,,0.0048
2018-07-10,168.06,168.16,169.12,167.59,,-0.0013
2018-07-09,168.28,167.90,168.34,167.59,,0.0022
2018-07-06,167.91,168.64,169.11,167.61,,-0.0043
2018-07-05,168.64,168.29,169.01,168.09,,0.0019
2018-07-04,168.32,167.82,169.01,167.63,,0.0027
2018-07-03,167.86,167.81,168.49,166.86,,0.0004
2018-07-02,167.80,168.42,168.90,167.74,,-0.0036
2018-06-29,168.41,169.24,169.42,167.88,,-0.0047
2018-06-28,169.20,170.01,170.22,169.12,,-0.0054
2018-06-27,170.12,170.09,170.53,169.19,,0.0006
2018-06-26,170.01,170.54,170.95,169.86,,-0.0032
2018-06-25,170.56,170.93,171.93,170.46,,-0.0022
2018-06-22,170.93,171.02,171.63,170.31,,-0.0006
2018-06-21,171.03,171.48,171.60,170.35,,-0.0025
2018-06-20,171.46,171.38,171.66,170.65,,0.0001
2018-06-19,171.45,171.47,172.68,171.17,,0.0005
2018-06-18,171.37,171.25,171.97,170.95,,0.0001
2018-06-15,171.36,170.07,171.60,169.60,,0.0072
2018-06-14,170.13,169.75,170.26,169.00,,0.0023
2018-06-13,169.74,168.94,170.17,168.63,,0.0046
2018-06-12,168.96,168.26,169.06,167.61,,0.0045
2018-06-11,168.21,167.75,168.36,167.33,,0.0026
2018-06-08,167.78,167.81,168.36,167.47,,0.0002
2018-06-07,167.74,166.95,168.06,166.79,,0.0044
2018-06-06,167.00,167.35,167.47,166.77,,-0.0020
2018-06-05,167.33,166.92,167.56,166.63,,0.0020
2018-06-04,167.00,167.08,167.31,166.69,,0.0003
2018-06-01,166.95,168.63,168.75,166.86,,-0.0096
2018-05-31,168.57,167.74,168.94,167.55,,0.0046
2018-05-30,167.80,169.02,169.17,167.76,,-0.0069
2018-05-29,168.97,168.05,169.26,167.82,,0.0056
2018-05-28,168.03,168.67,168.67,167.66,,-0.0041
2018-05-25,168.72,169.56,169.79,168.33,,-0.0051
2018-05-24,169.59,168.67,170.32,168.37,,0.0058
2018-05-23,168.62,169.06,169.78,168.55,,-0.0026
2018-05-22,169.06,168.78,169.35,168.60,,0.0014
2018-05-21,168.82,169.48,170.49,168.81,,-0.0040
2018-05-18,169.49,170.04,170.27,169.07,,-0.0032
2018-05-17,170.03,169.16,170.25,168.97,,0.0052
2018-05-16,169.15,169.47,170.15,168.97,,-0.0018
2018-05-15,169.46,168.94,169.74,168.56,,0.0031
2018-05-14,168.94,168.64,168.99,168.07,,0.0020
2018-05-11,168.61,167.74,168.87,167.58,,0.0045
2018-05-10,167.86,169.70,170.02,167.65,,-0.0106
2018-05-09,169.65,169.34,170.17,169.06,,0.0021
2018-05-08,169.30,169.61,169.82,169.06,,-0.0020
2018-05-07,169.64,168.84,170.09,168.63,,0.0049
2018-05-04,168.81,169.34,170.03,168.70,,-0.0028
2018-05-03,169.28,169.73,170.06,168.87,,-0.0026
2018-05-02,169.72,169.51,169.88,168.81,,0.0013
2018-05-01,169.50,169.00,169.77,168.85,,0.0028
2018-04-30,169.02,168.56,169.22,168.32,,0.0024
2018-04-27,168.61,170.03,170.46,168.34,,-0.0086
2018-04-26,170.07,171.06,171.19,170.00,,-0.0058
2018-04-25,171.06,170.82,171.76,170.52,,0.0014
2018-04-24,170.82,171.21,171.27,170.33,,-0.0020
2018-04-23,171.16,170.11,171.36,169.54,,0.0062
2018-04-20,170.11,169.94,170.63,169.62,,0.0009
2018-04-19,169.96,169.77,170.23,168.99,,0.0012
2018-04-18,169.76,169.86,170.17,169.43,,-0.0005
2018-04-17,169.85,170.60,170.71,169.81,,-0.0043
2018-04-16,170.58,170.75,171.25,170.50,,-0.0012
2018-04-13,170.78,170.19,171.00,169.82,,0.0032
2018-04-12,170.24,170.18,170.93,169.98,,0.0004
2018-04-11,170.18,169.48,170.45,169.38,,0.0042
2018-04-10,169.47,169.60,170.09,169.19,,-0.0008
2018-04-09,169.61,169.91,170.09,169.25,,-0.0012
2018-04-06,169.82,168.54,170.14,168.49,,0.0076
2018-04-05,168.54,167.84,168.77,167.70,,0.0042
2018-04-04,167.84,167.69,169.03,167.64,,0.0007
2018-04-03,167.72,168.32,168.79,167.68,,-0.0036
2018-04-02,168.32,168.99,169.38,167.66,,-0.0047
2018-03-30,169.12,169.04,170.05,169.00,,0.0007
2018-03-29,169.01,169.00,169.74,168.69,,-0.0001
2018-03-28,169.03,171.06,171.13,168.81,,-0.0122
2018-03-27,171.12,171.45,171.94,170.56,,-0.0020
2018-03-26,171.47,171.67,172.10,170.90,,-0.0008
2018-03-23,171.61,170.70,172.02,170.39,,0.0054
2018-03-22,170.68,168.48,170.83,168.40,,0.0136
2018-03-21,168.39,169.22,169.64,168.27,,-0.0050
2018-03-20,169.23,169.48,169.84,168.79,,-0.0018
2018-03-19,169.53,168.94,169.73,168.82,,0.0032
2018-03-16,168.99,169.29,169.71,168.56,,-0.0013
2018-03-15,169.21,168.44,169.39,168.21,,0.0042
2018-03-14,168.50,168.77,169.24,168.13,,-0.0015
2018-03-13,168.76,168.25,169.05,168.00,,0.0030
2018-03-12,168.25,168.18,168.93,167.94,,0.0001
2018-03-09,168.24,169.38,169.44,168.14,,-0.0066
2018-03-08,169.36,168.76,169.67,168.67,,0.0036
2018-03-07,168.75,168.69,169.82,168.65,,0.0008
2018-03-06,168.62,169.73,170.11,167.41,,-0.0065
2018-03-05,169.72,170.08,171.09,169.62,,-0.0026
2018-03-02,170.16,170.32,171.16,169.72,,-0.0009
2018-03-01,170.31,171.38,171.74,170.01,,-0.0064
2018-02-28,171.41,171.29,171.44,170.75,,0.0012
2018-02-27,171.20,169.40,171.27,169.15,,0.0099
2018-02-26,169.52,169.95,170.36,169.37,,-0.0025
2018-02-23,169.94,170.24,170.58,169.74,,-0.0015
2018-02-22,170.19,169.47,171.10,169.43,,0.0041
2018-02-21,169.50,169.33,169.84,168.71,,0.0011
2018-02-20,169.32,168.14,169.50,168.13,,0.0070
2018-02-19,168.14,168.01,168.64,167.88,,0.0002
2018-02-16,168.11,167.61,168.45,167.27,,0.0029
2018-02-15,167.63,168.69,169.07,167.46,,-0.0063
2018-02-14,168.69,171.16,171.50,168.65,,-0.0142
2018-02-13,171.12,171.11,171.64,170.67,,0.0002
2018-02-12,171.09,172.31,172.56,171.06,,-0.0077
2018-02-09,172.42,173.35,173.48,172.12,,-0.0061
2018-02-08,173.48,173.91,174.01,171.57,,-0.0024
2018-02-07,173.90,172.00,174.00,171.92,,0.0117
2018-02-06,171.89,173.98,174.53,171.69,,-0.0125
2018-02-05,174.06,172.98,174.09,172.57,,0.0063
2018-02-02,172.97,170.05,173.10,169.94,,0.0175
2018-02-01,170.00,170.10,170.82,169.84,,-0.0009
2018-01-31,170.16,169.72,170.40,169.12,,0.0027
2018-01-30,169.71,168.98,170.09,168.79,,0.0043
2018-01-29,168.99,168.54,169.46,168.22,,0.0032
2018-01-26,168.45,168.53,168.89,167.82,,-0.0008
2018-01-25,168.58,167.12,168.76,166.95,,0.0083
2018-01-24,167.19,167.68,167.99,166.75,,-0.0029
2018-01-23,167.67,167.04,168.36,166.64,,0.0043
2018-01-22,166.96,166.63,167.39,166.45,,0.0014
2018-01-19,166.72,166.75,167.39,166.26,,-0.0002
2018-01-18,166.76,165.93,166.95,165.87,,0.0052
2018-01-17,165.89,165.14,166.47,164.86,,0.0041
2018-01-16,165.22,165.26,165.94,165.05,,0.0001
2018-01-15,165.20,163.59,165.67,163.44,,0.0069
2018-01-12,164.06,164.04,165.19,163.93,,0.0001
2018-01-11,164.04,164.37,164.88,163.55,,-0.0024
2018-01-10,164.43,164.15,164.54,163.81,,0.0016
2018-01-09,164.17,164.46,164.65,163.69,,-0.0016
2018-01-08,164.44,163.73,165.31,163.31,,0.0046
2018-01-05,163.68,163.51,164.14,163.26,,0.0006
2018-01-04,163.59,163.80,164.45,163.24,,-0.0009
2018-01-03,163.74,163.68,164.22,163.47,,0.0000
2018-01-02,163.74,163.97,164.50,163.20,,-0.0012
2018-01-01,163.93,164.05,164.11,163.78,,-0.0007
2017-12-29,164.05,163.80,164.44,163.38,,0.0015
2017-12-28,163.81,164.00,164.25,163.35,,-0.0011
2017-12-27,163.99,164.37,164.53,163.60,,-0.0026
2017-12-26,164.41,164.63,165.08,164.11,,-0.0013
2017-12-25,164.62,163.83,165.24,163.78,,0.0046
2017-12-22,163.86,164.12,164.63,163.61,,-0.0015
2017-12-21,164.10,164.26,164.99,163.76,,-0.0009
2017-12-20,164.25,164.31,164.72,163.91,,-0.0008
2017-12-19,164.38,164.14,164.70,163.82,,0.0014
2017-12-18,164.15,164.78,165.28,163.91,,-0.0037
2017-12-15,164.76,164.80,165.22,164.41,,-0.0002
2017-12-14,164.80,163.91,165.11,163.87,,0.0055
2017-12-13,163.90,165.04,165.41,163.78,,-0.0070
2017-12-12,165.06,164.50,165.22,164.33,,0.0033
2017-12-11,164.51,165.05,165.46,164.10,,-0.0033
2017-12-08,165.06,165.19,165.69,164.78,,-0.0009
2017-12-07,165.21,165.37,165.86,164.91,,-0.0010
2017-12-06,165.38,164.30,165.88,164.06,,0.0065
2017-12-05,164.31,164.12,164.64,163.70,,0.0013
2017-12-04,164.10,163.67,164.94,163.65,,0.0023
2017-12-01,163.73,164.55,164.93,163.54,,-0.0050
2017-11-30,164.56,163.81,165.28,163.59,,0.0051
2017-11-29,163.72,163.97,164.34,162.77,,-0.0020
2017-11-28,164.05,165.56,165.57,163.51,,-0.0087
2017-11-27,165.49,164.38,165.56,164.21,,0.0064
2017-11-24,164.43,164.60,165.19,164.08,,-0.0013
2017-11-23,164.65,164.38,165.62,164.37,,0.0021
2017-11-22,164.30,164.54,165.26,164.16,,-0.0017
2017-11-21,164.58,165.30,165.81,164.03,,-0.0046
2017-11-20,165.34,165.21,166.31,165.10,,0.0013
2017-11-17,165.13,165.44,165.92,164.95,,-0.0021
2017-11-16,165.47,166.94,167.31,165.03,,-0.0088
2017-11-15,166.94,168.15,168.50,166.50,,-0.0068
2017-11-14,168.09,168.62,168.88,167.81,,-0.0033
2017-11-13,168.64,168.59,169.06,168.49,,-0.0009
2017-11-10,168.79,168.51,168.88,168.12,,0.0022
2017-11-09,168.42,168.09,168.85,167.89,,0.0018
2017-11-08,168.12,167.79,168.38,167.69,,0.0021
2017-11-07,167.76,167.73,168.15,167.40,,0.0001
2017-11-06,167.75,168.08,168.71,167.47,,-0.0023
2017-11-03,168.14,168.34,168.66,167.97,,-0.0010
2017-11-02,168.31,168.37,169.12,167.93,,-0.0002
2017-11-01,168.34,168.54,168.80,167.91,,-0.0013
2017-10-31,168.56,169.21,169.32,168.20,,-0.0039
2017-10-30,169.22,169.31,169.66,169.09,,-0.0004
2017-10-27,169.28,169.88,170.47,169.17,,-0.0038
2017-10-26,169.93,169.86,170.04,169.10,,0.0003
2017-10-25,169.88,170.47,170.56,169.10,,-0.0032
2017-10-24,170.43,170.32,170.55,169.87,,0.0007
2017-10-23,170.31,171.01,171.54,170.03,,-0.0042
2017-10-20,171.03,170.66,171.57,170.57,,0.0021
2017-10-19,170.68,170.94,171.19,170.56,,-0.0015
2017-10-18,170.94,170.83,171.37,170.52,,0.0009
2017-10-17,170.79,171.22,171.80,170.52,,-0.0025
2017-10-16,171.22,171.30,171.74,170.88,,-0.0001
2017-10-13,171.24,171.92,172.32,170.96,,-0.0042
2017-10-12,171.96,171.89,172.54,171.61,,0.0003
2017-10-11,171.90,172.82,173.10,171.57,,-0.0050
2017-10-10,172.76,172.58,173.00,171.91,,0.0008
2017-10-09,172.63,172.21,172.88,172.04,,0.0028
2017-10-06,172.14,171.70,172.22,171.55,,0.0025
2017-10-05,171.71,171.79,171.96,170.94,,-0.0005
2017-10-04,171.79,171.83,171.93,171.09,,-0.0002
2017-10-03,171.83,172.33,172.82,171.50,,-0.0030
2017-10-02,172.34,172.12,172.62,172.00,,0.0012
2017-09-29,172.13,171.94,172.44,171.38,,0.0004
2017-09-28,172.06,172.55,172.94,171.78,,-0.0025
2017-09-27,172.49,171.31,172.53,171.25,,0.0068
2017-09-26,171.32,171.41,172.12,171.14,,-0.0004
2017-09-25,171.39,171.91,172.05,170.75,,-0.0031
2017-09-22,171.92,171.82,173.15,171.48,,0.0002
2017-09-21,171.89,172.11,172.55,171.66,,-0.0015
2017-09-20,172.14,171.84,172.47,171.22,,0.0019
2017-09-19,171.81,171.92,172.06,171.29,,-0.0003
2017-09-18,171.87,173.00,173.28,171.31,,-0.0062
2017-09-15,172.94,172.98,173.51,172.56,,-0.0005
2017-09-14,173.02,173.05,173.42,172.52,,0.0000
2017-09-13,173.02,172.73,173.17,172.44,,0.0019
2017-09-12,172.70,173.05,173.29,172.39,,-0.0024
2017-09-11,173.11,174.64,174.99,173.06,,-0.0088
2017-09-08,174.64,173.90,175.39,173.63,,0.0044
2017-09-07,173.88,173.69,174.19,172.96,,0.0014
2017-09-06,173.64,173.14,174.24,172.96,,0.0025
2017-09-05,173.20,173.55,173.81,172.37,,-0.0020
2017-09-04,173.54,171.02,173.69,170.68,,0.0148
2017-09-01,171.01,170.76,171.29,170.43,,0.0019
2017-08-31,170.69,170.44,171.14,170.29,,0.0013
2017-08-30,170.47,170.58,170.91,170.21,,0.0000
2017-08-29,170.47,169.31,171.00,169.31,,0.0072
2017-08-28,169.25,168.63,169.43,168.49,,0.0034
2017-08-25,168.67,169.38,169.94,168.50,,-0.0040
2017-08-24,169.35,169.33,169.69,169.10,,0.0001
2017-08-23,169.33,169.95,170.25,169.18,,-0.0038
2017-08-22,169.97,170.84,171.00,169.94,,-0.0051
2017-08-21,170.84,170.88,171.03,170.46,,-0.0001
2017-08-18,170.85,171.07,171.49,170.62,,-0.0018
2017-08-17,171.15,169.74,171.18,169.56,,0.0085
2017-08-16,169.71,169.92,171.07,169.68,,-0.0012
2017-08-15,169.91,170.78,170.90,169.80,,-0.0052
2017-08-14,170.80,171.44,171.50,170.45,,-0.0040
2017-08-11,171.48,172.17,172.66,171.24,,-0.0037
2017-08-10,172.12,170.72,172.49,170.51,,0.0082
2017-08-09,170.72,168.35,170.97,167.97,,0.0140
2017-08-08,168.37,167.73,168.45,167.53,,0.0041
2017-08-07,167.69,167.70,168.12,167.38,,-0.0004
2017-08-04,167.75,168.07,168.09,167.21,,-0.0019
2017-08-03,168.07,167.16,168.13,167.04,,0.0060
2017-08-02,167.06,166.97,167.56,166.75,,0.0007
2017-08-01,166.94,166.38,167.24,165.94,,0.0032
2017-07-31,166.41,166.91,167.18,166.38,,-0.0031
2017-07-28,166.93,165.68,167.15,165.47,,0.0074
2017-07-27,165.70,164.75,165.80,164.58,,0.0059
2017-07-26,164.73,165.89,166.31,164.67,,-0.0071
2017-07-25,165.91,165.19,166.02,165.09,,0.0042
2017-07-24,165.21,165.39,165.56,164.61,,-0.0008
2017-07-21,165.34,165.83,166.27,165.11,,-0.0033
2017-07-20,165.88,166.60,166.75,165.83,,-0.0041
2017-07-19,166.56,166.79,166.81,165.84,,-0.0014
2017-07-18,166.80,166.68,167.07,166.15,,0.0007
2017-07-17,166.68,166.61,167.09,166.20,,0.0002
2017-07-14,166.64,167.76,168.05,166.28,,-0.0066
2017-07-13,167.74,167.69,168.13,167.42,,0.0002
2017-07-12,167.70,168.93,169.03,167.56,,-0.0073
2017-07-11,168.94,168.97,169.52,168.78,,-0.0001
2017-07-10,168.96,169.50,169.67,168.83,,-0.0033
2017-07-07,169.52,170.14,170.46,169.46,,-0.0037
2017-07-06,170.15,169.59,170.44,169.21,,0.0034
2017-07-05,169.57,169.20,169.94,168.90,,0.0022
2017-07-04,169.20,169.14,169.63,168.75,,0.0004
2017-07-03,169.14,168.96,169.38,168.37,,0.0013
2017-06-30,168.92,169.01,169.44,168.42,,-0.0008
2017-06-29,169.05,167.54,169.35,167.48,,0.0093
2017-06-28,167.50,167.40,168.65,167.31,,0.0005
2017-06-27,167.42,165.68,167.54,165.67,,0.0104
2017-06-26,165.69,165.99,166.52,165.53,,-0.0019
2017-06-23,166.00,166.68,167.10,165.70,,-0.0041
2017-06-22,166.69,167.50,167.52,166.61,,-0.0043
2017-06-21,167.41,167.25,167.78,166.94,,0.0011
2017-06-20,167.22,166.67,167.44,166.25,,0.0032
2017-06-19,166.69,166.31,166.85,165.81,,0.0019
2017-06-16,166.38,166.08,167.16,165.63,,0.0016
2017-06-15,166.11,164.87,166.40,164.71,,0.0073
2017-06-14,164.90,165.92,166.03,164.37,,-0.0058
2017-06-13,165.87,166.37,166.46,165.71,,-0.0030
2017-06-12,166.37,165.54,166.69,165.28,,0.0050
2017-06-09,165.54,164.99,165.64,164.62,,0.0033
2017-06-08,164.99,165.44,165.99,164.97,,-0.0027
2017-06-07,165.44,164.55,165.69,164.53,,0.0055
2017-06-06,164.53,164.35,165.14,164.13,,0.0010
2017-06-05,164.36,164.13,164.76,163.91,,0.0010
2017-06-02,164.19,164.79,165.00,164.09,,-0.0039
2017-06-01,164.83,164.52,165.32,164.34,,0.0026
2017-05-31,164.41,163.96,164.65,163.55,,0.0023
2017-05-30,164.03,163.67,164.38,163.63,,0.0022
2017-05-29,163.67,163.23,163.83,163.14,,0.0029
2017-05-26,163.20,163.14,163.67,162.72,,0.0006
2017-05-25,163.10,162.44,163.38,162.22,,0.0041
2017-05-24,162.44,163.34,163.81,162.40,,-0.0055
2017-05-23,163.34,162.03,163.50,161.94,,0.0079
2017-05-22,162.06,162.44,162.69,161.84,,-0.0016
2017-05-19,162.32,163.93,164.32,162.06,,-0.0097
2017-05-18,163.91,163.12,164.62,163.03,,0.0044
2017-05-17,163.19,162.12,163.22,161.97,,0.0070
2017-05-16,162.06,162.20,162.60,161.76,,-0.0009
2017-05-15,162.21,162.85,163.57,161.85,,-0.0038
2017-05-12,162.83,162.90,163.87,162.63,,-0.0003
2017-05-11,162.88,163.97,164.38,162.75,,-0.0068
2017-05-10,163.99,164.94,164.99,163.91,,-0.0056
2017-05-09,164.92,164.22,165.15,164.13,,0.0044
2017-05-08,164.19,164.43,164.87,163.74,,-0.0021
2017-05-05,164.53,164.69,165.44,164.51,,-0.0009
2017-05-04,164.67,164.32,164.87,163.82,,0.0018
2017-05-03,164.37,163.78,164.44,163.66,,0.0038
2017-05-02,163.75,164.97,165.01,163.45,,-0.0078
2017-05-01,165.03,165.04,165.38,164.72,,-0.0002
2017-04-28,165.06,164.09,165.56,163.73,,0.0061
2017-04-27,164.06,164.41,164.84,163.62,,-0.0019
2017-04-26,164.38,163.85,165.01,162.94,,0.0031
2017-04-25,163.88,164.80,165.25,163.37,,-0.0053
2017-04-24,164.76,164.78,165.56,163.56,,-0.0001
2017-04-21,164.77,165.35,165.75,164.63,,-0.0036
2017-04-20,165.37,166.05,166.28,165.00,,-0.0041
2017-04-19,166.05,165.99,166.28,165.29,,0.0001
2017-04-18,166.03,164.68,166.93,164.59,,0.0085
2017-04-17,164.63,165.04,165.60,164.39,,-0.0025
2017-04-14,165.05,164.88,165.90,164.75,,0.0008
2017-04-13,164.92,164.71,165.66,163.78,,0.0014
2017-04-12,164.69,166.23,166.88,164.62,,-0.0092
2017-04-11,166.22,165.62,166.85,165.29,,0.0034
2017-04-10,165.65,164.95,165.84,164.81,,0.0045
2017-04-07,164.91,164.02,165.40,163.90,,0.0055
2017-04-06,164.01,163.63,164.57,163.41,,0.0023
2017-04-05,163.64,163.33,163.80,162.92,,0.0017
2017-04-04,163.36,162.23,163.67,162.16,,0.0070
2017-04-03,162.23,162.18,162.56,161.50,,-0.0003
2017-03-31,162.28,162.40,162.87,162.07,,-0.0006
2017-03-30,162.37,161.32,162.56,161.14,,0.0066
2017-03-29,161.31,162.25,162.38,161.22,,-0.0059
2017-03-28,162.26,161.65,162.38,161.44,,0.0035
2017-03-27,161.69,162.31,162.44,161.02,,-0.0040
2017-03-24,162.34,163.07,163.38,161.75,,-0.0042
2017-03-23,163.03,162.27,163.31,162.19,,0.0043
2017-03-22,162.33,163.08,163.72,162.23,,-0.0045
2017-03-21,163.07,161.34,163.25,161.28,,0.0108
2017-03-20,161.32,163.55,163.89,161.05,,-0.0136
2017-03-17,163.55,163.66,164.38,163.38,,-0.0006
2017-03-16,163.65,163.25,164.66,163.15,,0.0026
2017-03-15,163.22,166.29,166.42,163.07,,-0.0185
2017-03-14,166.30,165.94,166.50,165.59,,0.0016
2017-03-13,166.03,166.28,166.89,165.66,,-0.0014
2017-03-10,166.26,167.89,168.18,166.18,,-0.0095
2017-03-09,167.85,167.06,168.12,166.83,,0.0045
2017-03-08,167.10,166.75,167.35,165.79,,0.0024
2017-03-07,166.70,167.50,167.93,166.19,,-0.0047
2017-03-06,167.48,167.09,168.16,167.07,,0.0025
2017-03-03,167.07,166.98,168.03,166.55,,0.0004
2017-03-02,167.01,165.70,167.29,165.64,,0.0080
2017-03-01,165.69,165.64,166.70,165.31,,0.0001
2017-02-28,165.68,165.17,165.74,163.81,,0.0033
2017-02-27,165.14,164.55,165.30,164.38,,0.0034
2017-02-24,164.58,164.96,165.29,164.20,,-0.0027
2017-02-23,165.03,165.60,166.21,164.46,,-0.0031
2017-02-22,165.54,165.98,166.58,165.38,,-0.0029
2017-02-21,166.02,166.53,167.17,165.83,,-0.0029
2017-02-20,166.51,167.56,167.70,166.44,,-0.0064
2017-02-17,167.59,166.64,167.87,166.57,,0.0058
2017-02-16,166.62,165.20,166.78,164.98,,0.0084
2017-02-15,165.23,165.83,166.88,164.92,,-0.0037
2017-02-14,165.84,167.04,167.29,165.33,,-0.0074
2017-02-13,167.07,166.76,167.93,166.70,,0.0023
2017-02-10,166.69,167.52,168.16,166.56,,-0.0053
2017-02-09,167.57,166.66,167.75,166.44,,0.0056
2017-02-08,166.64,166.09,167.08,165.97,,0.0033
2017-02-07,166.09,165.30,167.00,165.10,,0.0043
2017-02-06,165.38,165.73,166.19,164.88,,-0.0021
2017-02-03,165.73,166.25,167.40,165.10,,-0.0031
2017-02-02,166.25,167.60,167.87,165.31,,-0.0084
2017-02-01,167.65,167.37,168.48,167.10,,0.0018
2017-01-31,167.35,170.12,170.17,166.82,,-0.0163
2017-01-30,170.12,171.23,171.38,169.95,,-0.0069
2017-01-27,171.30,170.31,171.61,170.12,,0.0055
2017-01-26,170.37,169.02,170.48,168.18,,0.0086
2017-01-25,168.91,170.54,170.61,168.77,,-0.0100
2017-01-24,170.62,169.75,170.69,169.38,,0.0053
2017-01-23,169.72,170.90,170.99,169.65,,-0.0071
2017-01-20,170.94,171.04,171.51,170.08,,-0.0005
2017-01-19,171.03,172.31,172.61,170.96,,-0.0074
2017-01-18,172.30,169.36,172.38,169.30,,0.0174
2017-01-17,169.35,171.49,172.17,169.25,,-0.0124
2017-01-16,171.48,170.29,171.80,170.29,,0.0070
2017-01-13,170.28,170.62,171.41,170.00,,-0.0021
2017-01-12,170.63,171.25,171.62,169.96,,-0.0034
2017-01-11,171.21,173.57,173.68,170.74,,-0.0139
2017-01-10,173.63,173.49,173.85,172.50,,0.0010
2017-01-09,173.45,173.67,174.50,173.12,,-0.0013
2017-01-06,173.68,171.54,173.73,171.29,,0.0122
2017-01-05,171.58,172.54,173.11,171.43,,-0.0052
2017-01-04,172.48,173.36,174.06,172.30,,-0.0051
2017-01-03,173.37,173.39,174.67,172.83,,0.0001
2017-01-02,173.36,173.78,174.32,173.25,,-0.0027
